shipment_id,origin_code,destination_code,distance_km,container_type,weight_kg,teu_count,currency,ship_year,ship_day_of_year,is_anomaly,anomaly_type
SHP00000,AEJEA,USLAX,15088.8,40ft,26617.4,2,AED,2025,207,False,none
SHP00001,INNSA,JPYOK,8679.8,40ft,29551.8,1,INR,2025,301,False,none
SHP00002,JPYOK,USLAX,10965.3,20ft,23595.4,1,JPY,2025,118,False,none
SHP00003,AEJEA,TWKHH,9083.6,20ft,18962.6,1,AED,2025,165,False,none
SHP00004,AEJEA,USLAX,15171.0,40ft,26247.6,1,AED,2025,91,False,none
SHP00005,DEHAM,SGSIN,11686.0,40hc,28572.5,2,EUR,2025,182,False,none
SHP00006,KRPUS,DEHAM,10609.3,40ft,28350.2,1,KRW,2025,282,False,none
SHP00007,KRPUS,NLRTM,10130.3,40hc,28849.5,2,KRW,2025,132,False,none
SHP00008,JPYOK,MYPKG,5677.4,20ft,20137.0,1,JPY,2025,275,False,none
SHP00009,SGSIN,CNSHA,4754.5,40ft,28601.5,2,SGD,2025,150,False,none
SHP00010,USLAX,TWKHH,13309.2,40hc,28064.4,1,USD,2025,24,False,none
SHP00011,INNSA,CNSHA,6170.2,20ft,23401.8,1,INR,2025,149,False,none
SHP00012,CNSHA,SGSIN,4780.5,20ft,18082.4,1,CNY,2025,280,False,none
SHP00013,JPYOK,GBFXT,13037.5,40ft,26559.2,2,JPY,2025,149,False,none
SHP00014,KRPUS,AEJEA,8888.5,40ft,27858.9,2,KRW,2025,322,False,none
SHP00015,KRPUS,AEJEA,7645.7,20ft,27487.2,1,KRW,2025,332,False,none
SHP00016,GBFXT,CNSHA,12700.9,40hc,29282.8,2,GBP,2025,272,False,none
SHP00017,USLAX,AEJEA,15080.9,20ft,27577.8,1,USD,2025,348,False,none
SHP00018,DEHAM,KRPUS,11745.2,40ft,27550.8,1,EUR,2025,73,False,none
SHP00019,DEHAM,AEJEA,5440.7,40hc,26923.4,2,EUR,2025,313,False,none
SHP00020,SGSIN,USLAX,16678.6,40ft,29649.7,1,SGD,2025,131,False,none
SHP00021,JPYOK,MYPKG,5625.1,40hc,29923.1,2,JPY,2025,186,False,none
SHP00022,AEJEA,USLAX,18421.3,40hc,30206.2,1,AED,2041,244,True,bad_date
SHP00023,USLAX,SGSIN,27526.8,40hc,36442.5,1,USD,2025,363,True,combo_subtle
SHP00024,AEJEA,INNSA,2380.0,40ft,29978.1,1,AED,2025,13,False,none
SHP00025,NLRTM,KRPUS,12230.6,20ft,19950.6,1,EUR,2025,81,False,none
SHP00026,AEJEA,JPYOK,11056.6,20ft,26015.8,1,AED,2025,138,False,none
SHP00027,TWKHH,JPYOK,3029.6,40hc,121698.7,2,TWD,2025,357,True,impossible_weight
SHP00028,TWKHH,AEJEA,7487.5,40hc,29449.0,2,TWD,2025,83,False,none
SHP00029,CNSHA,AEJEA,7752.9,20ft,21871.1,1,CNY,2025,338,False,none
SHP00030,INNSA,JPYOK,7353.4,40hc,27396.2,1,INR,2025,86,False,none
SHP00031,USLAX,INNSA,15229.8,20ft,24093.7,1,USD,2025,137,False,none
SHP00032,NLRTM,SGSIN,12538.7,20ft,18936.2,1,EUR,2025,12,False,none
SHP00033,DEHAM,JPYOK,9640.1,40ft,28270.1,2,EUR,2025,32,False,none
SHP00034,AEJEA,KRPUS,8739.7,20ft,25514.0,1,AED,2025,53,False,none
SHP00035,MYPKG,INNSA,4986.5,40hc,28292.4,1,MYR,2025,6,False,none
SHP00036,DEHAM,TWKHH,12272.2,20ft,25677.8,1,EUR,2025,81,False,none
SHP00037,KRPUS,TWKHH,2110.7,20ft,25496.0,1,KRW,2025,200,False,none
SHP00038,NLRTM,TWKHH,10647.4,40hc,27695.9,2,EUR,2025,309,False,none
SHP00039,TWKHH,INNSA,6283.0,20ft,18206.9,1,TWD,2025,114,False,none
SHP00040,CNSHA,TWKHH,1259.9,40ft,28083.4,2,CNY,2025,46,False,none
SHP00041,USLAX,JPYOK,12325.6,40ft,28126.1,1,USD,2025,277,False,none
SHP00042,AEJEA,SGSIN,8040.5,40ft,26584.2,2,AED,2025,295,False,none
SHP00043,MYPKG,DEHAM,10704.1,20ft,25595.0,1,MYR,2025,286,False,none
SHP00044,INNSA,DEHAM,12828.9,40hc,37826.9,1,INR,2025,364,True,combo_subtle
SHP00045,INNSA,CNSHA,6356.0,40ft,26309.7,2,INR,2025,106,False,none
SHP00046,MYPKG,TWKHH,4121.1,40hc,29603.9,1,MYR,1999,97,True,bad_date
SHP00047,GBFXT,KRPUS,11296.7,40ft,29489.6,2,GBP,2025,263,False,none
SHP00048,AEJEA,CNSHA,8279.2,20ft,20024.9,1,AED,2025,113,False,none
SHP00049,KRPUS,MYPKG,5447.3,40hc,27607.3,1,KRW,2025,265,False,none
SHP00050,GBFXT,CNSHA,12104.4,40ft,30232.8,1,GBP,2025,234,False,none
SHP00051,KRPUS,USLAX,17082.9,20ft,37401.0,1,KRW,2025,364,True,combo_subtle
SHP00052,GBFXT,JPYOK,11681.6,40hc,29240.9,2,GBP,2025,311,False,none
SHP00053,NLRTM,USLAX,11202.9,40ft,29315.0,2,EUR,2025,354,False,none
SHP00054,KRPUS,INNSA,6922.6,20ft,27946.1,1,KRW,2025,248,False,none
SHP00055,GBFXT,CNSHA,11488.6,40ft,26170.0,1,GBP,2025,204,False,none
SHP00056,NLRTM,JPYOK,11702.6,40hc,29608.5,2,EUR,2025,174,False,none
SHP00057,JPYOK,NLRTM,17121.7,20ft,34048.6,1,JPY,2025,364,True,combo_subtle
SHP00058,CNSHA,INNSA,6284.8,40hc,29871.7,2,CNY,2025,179,False,none
SHP00059,TWKHH,NLRTM,12644.3,40hc,27950.1,1,TWD,2025,164,False,none
SHP00060,AEJEA,CNSHA,8135.5,40ft,27344.8,2,AED,2025,55,False,none
SHP00061,JPYOK,USLAX,9671.1,40hc,26555.9,1,JPY,2025,75,False,none
SHP00062,CNSHA,TWKHH,1251.2,40ft,29716.9,2,CNY,2025,126,False,none
SHP00063,DEHAM,CNSHA,11597.8,40ft,29529.0,2,EUR,2025,202,False,none
SHP00064,GBFXT,USLAX,10111.2,40ft,29358.8,2,GBP,2025,115,False,none
SHP00065,GBFXT,SGSIN,12063.5,40ft,26736.7,2,GBP,2025,188,False,none
SHP00066,AEJEA,MYPKG,6795.0,20ft,18146.1,1,AED,2025,11,False,none
SHP00067,CNSHA,USLAX,11081.6,40hc,26725.4,2,CNY,2025,250,False,none
SHP00068,NLRTM,JPYOK,12803.9,20ft,21993.8,1,EUR,2025,339,False,none
SHP00069,INNSA,DEHAM,7353.5,40hc,26818.5,1,INR,2025,199,False,none
SHP00070,DEHAM,AEJEA,5818.0,20ft,146619.6,1,EUR,2025,260,True,impossible_weight
SHP00071,GBFXT,TWKHH,12767.1,40ft,26552.1,1,GBP,2025,292,False,none
SHP00072,USLAX,DEHAM,9763.1,40hc,29868.4,1,USD,2025,280,False,none
SHP00073,TWKHH,SGSIN,3807.5,20ft,19955.8,1,TWD,2025,251,False,none
SHP00074,AEJEA,SGSIN,6347.1,40ft,29190.6,1,AED,2025,172,False,none
SHP00075,SGSIN,GBFXT,11458.6,40hc,167397.7,2,SGD,2025,212,True,impossible_weight
SHP00076,DEHAM,KRPUS,11039.6,20ft,20463.4,1,EUR,2025,168,False,none
SHP00077,INNSA,CNSHA,6037.6,20ft,20925.0,1,INR,2025,94,False,none
SHP00078,TWKHH,AEJEA,7252.0,40ft,26170.7,2,TWD,2025,87,False,none
SHP00079,SGSIN,NLRTM,13905.5,40hc,27513.4,2,SGD,2025,304,False,none
SHP00080,JPYOK,USLAX,11088.5,40ft,30007.4,1,JPY,2025,302,False,none
SHP00081,AEJEA,KRPUS,7462.4,40hc,29460.8,1,AED,2025,127,False,none
SHP00082,CNSHA,INNSA,6831.6,40ft,27328.6,1,CNY,2025,324,False,none
SHP00083,JPYOK,AEJEA,10569.6,20ft,22623.9,1,JPY,2025,213,False,none
SHP00084,JPYOK,DEHAM,11921.6,40ft,28802.5,2,JPY,2025,279,False,none
SHP00085,GBFXT,AEJEA,7098.0,40ft,29662.6,1,GBP,2025,57,False,none
SHP00086,CNSHA,GBFXT,9825.6,40hc,26589.6,1,CNY,2025,27,False,none
SHP00087,NLRTM,CNSHA,11622.3,20ft,22259.8,1,EUR,2025,121,False,none
SHP00088,NLRTM,GBFXT,310.3,40hc,28680.1,2,EUR,2025,29,False,none
SHP00089,NLRTM,INNSA,8908.2,20ft,25911.5,1,EUR,2025,160,False,none
SHP00090,CNSHA,GBFXT,12464.7,40ft,29740.6,1,CNY,2025,31,False,none
SHP00091,SGSIN,TWKHH,4062.8,20ft,24685.9,1,SGD,2025,248,False,none
SHP00092,INNSA,SGSIN,4691.1,40hc,26462.6,1,INR,2025,299,False,none
SHP00093,JPYOK,DEHAM,10042.2,40hc,28393.4,2,JPY,2025,271,False,none
SHP00094,INNSA,GBFXT,8136.5,40hc,27635.6,1,INR,2025,234,False,none
SHP00095,INNSA,SGSIN,5300.3,40hc,28754.8,1,INR,2025,320,False,none
SHP00096,DEHAM,INNSA,9047.4,40ft,29864.6,2,EUR,2025,215,False,none
SHP00097,CNSHA,SGSIN,4610.6,20ft,27764.0,1,CNY,2025,235,False,none
SHP00098,KRPUS,NLRTM,11480.2,40ft,29826.1,1,KRW,2025,320,False,none
SHP00099,JPYOK,GBFXT,16064.4,20ft,35818.8,1,JPY,2025,363,True,combo_subtle
SHP00100,AEJEA,INNSA,2197.7,40hc,29487.8,2,AED,2025,338,False,none
SHP00101,INNSA,CNSHA,5342.3,20ft,24246.9,1,INR,2025,308,False,none
SHP00102,CNSHA,AEJEA,8480.8,40hc,27102.8,2,CNY,2025,150,False,none
SHP00103,USLAX,JPYOK,9297.9,20ft,19723.2,1,USD,2025,242,False,none
SHP00104,AEJEA,SGSIN,6548.6,40hc,26258.8,1,AED,2025,220,False,none
SHP00105,NLRTM,JPYOK,11586.5,40ft,29529.8,2,EUR,2025,296,False,none
SHP00106,KRPUS,USLAX,13454.7,40ft,26073.9,1,KRW,2025,120,False,none
SHP00107,INNSA,KRPUS,6333.2,20ft,25783.3,1,INR,2025,260,False,none
SHP00108,AEJEA,USLAX,17535.3,40hc,26209.3,1,AED,2025,198,False,none
SHP00109,MYPKG,NLRTM,58340.5,40ft,27008.6,1,MYR,2025,357,True,distance_mismatch
SHP00110,INNSA,AEJEA,2309.7,20ft,23086.6,1,INR,2025,78,False,none
SHP00111,TWKHH,GBFXT,11921.3,20ft,23214.3,1,TWD,2025,66,False,none
SHP00112,SGSIN,INNSA,4188.3,40hc,27579.8,2,SGD,2025,320,False,none
SHP00113,USLAX,SGSIN,14983.1,40hc,27174.8,2,USD,2025,66,False,none
SHP00114,CNSHA,TWKHH,1308.6,40ft,27015.9,1,CNY,2025,271,False,none
SHP00115,CNSHA,AEJEA,8046.2,20ft,21358.5,1,CNY,2025,358,False,none
SHP00116,DEHAM,CNSHA,10587.0,40ft,30262.8,1,EUR,2025,202,False,none
SHP00117,TWKHH,INNSA,6293.1,40ft,28042.5,1,TWD,2025,218,False,none
SHP00118,INNSA,AEJEA,2217.6,40hc,28970.7,2,INR,2025,345,False,none
SHP00119,USLAX,JPYOK,10274.9,40hc,26239.5,1,USD,2025,171,False,none
SHP00120,NLRTM,SGSIN,18584.5,20ft,32773.5,1,EUR,2025,363,True,combo_subtle
SHP00121,TWKHH,INNSA,5514.9,40ft,28023.1,2,TWD,2025,287,False,none
SHP00122,GBFXT,USLAX,10294.3,20ft,18929.1,1,GBP,2025,10,False,none
SHP00123,USLAX,NLRTM,11701.2,20ft,27011.6,1,USD,2025,244,False,none
SHP00124,DEHAM,INNSA,8397.6,40ft,27170.4,1,EUR,2025,331,False,none
SHP00125,KRPUS,JPYOK,1080.5,40hc,27128.7,2,KRW,2025,243,False,none
SHP00126,CNSHA,KRPUS,1050.1,40hc,28991.2,2,CNY,2025,125,False,none
SHP00127,TWKHH,GBFXT,13105.7,20ft,21340.6,1,TWD,2025,292,False,none
SHP00128,KRPUS,JPYOK,1159.9,40hc,27709.1,1,KRW,2025,143,False,none
SHP00129,MYPKG,SGSIN,392.7,20ft,24409.3,1,MYR,2025,254,False,none
SHP00130,CNSHA,USLAX,12239.2,40ft,29532.0,1,CNY,1999,308,True,bad_date
SHP00131,AEJEA,SGSIN,8097.6,40hc,26757.0,2,AED,2025,60,False,none
SHP00132,TWKHH,GBFXT,11193.5,20ft,23211.3,1,TWD,2025,156,False,none
SHP00133,NLRTM,INNSA,9104.6,40ft,29030.3,1,EUR,2025,201,False,none
SHP00134,DEHAM,MYPKG,50205.6,40hc,26850.9,2,EUR,2025,178,True,distance_mismatch
SHP00135,NLRTM,SGSIN,14282.9,20ft,19637.0,1,EUR,2025,28,False,none
SHP00136,NLRTM,AEJEA,6142.4,20ft,26994.5,1,EUR,2025,282,False,none
SHP00137,TWKHH,GBFXT,11580.1,40hc,26063.7,1,TWD,2025,28,False,none
SHP00138,AEJEA,MYPKG,6144.0,40hc,26406.2,1,AED,2025,67,False,none
SHP00139,MYPKG,DEHAM,11052.3,40hc,28714.0,1,MYR,2025,335,False,none
SHP00140,JPYOK,GBR,9309.6,20ft,21309.6,1,JPY,2025,120,True,port_code_is_country_code
SHP00141,JPYOK,SGSIN,5675.8,40hc,30218.5,1,JPY,2025,202,False,none
SHP00142,KRPUS,NLRTM,12087.9,40hc,27631.3,2,KRW,2025,6,False,none
SHP00143,CNSHA,INNSA,6809.7,40ft,27538.6,2,CNY,2025,252,False,none
SHP00144,INNSA,USLAX,16432.4,40hc,28776.1,1,INR,2025,212,False,none
SHP00145,CNSHA,GBFXT,9761.1,20ft,19356.1,1,CNY,2025,311,False,none
SHP00146,CNSHA,INNSA,6832.3,40hc,26090.1,2,CNY,2025,182,False,none
SHP00147,NLRTM,SGSIN,13051.8,20ft,19122.8,1,EUR,2025,96,False,none
SHP00148,USLAX,CNSHA,14470.8,20ft,24532.5,1,USD,2025,337,False,none
SHP00149,DEHAM,AEJEA,5446.0,40hc,28787.3,1,EUR,2025,272,False,none
SHP00150,DEHAM,NLRTM,440.9,40ft,28051.6,1,EUR,1999,32,True,bad_date
SHP00151,MYPKG,CNSHA,4895.3,40ft,29474.6,1,MYR,2025,155,False,none
SHP00152,AEJEA,TWKHH,8860.9,40ft,28831.9,1,AED,2025,342,False,none
SHP00153,GBFXT,KRPUS,18112.6,40ft,39816.6,1,GBP,2025,360,True,combo_subtle
SHP00154,TWKHH,CNSHA,1138.9,40ft,27370.2,1,TWD,2025,245,False,none
SHP00155,USLAX,AEJEA,16862.9,40ft,29666.1,2,USD,2025,24,False,none
SHP00156,NLRTM,KRPUS,9587.8,40hc,27249.2,1,EUR,2025,33,False,none
SHP00157,NLRTM,USLAX,9973.1,20ft,26420.5,1,EUR,2025,242,False,none
SHP00158,CNSHA,NLRTM,9782.6,40hc,26309.7,2,CNY,2025,94,False,none
SHP00159,GBFXT,JPYOK,10856.3,40ft,29488.6,2,GBP,2025,278,False,none
SHP00160,TWKHH,AEJEA,8992.1,40hc,27577.6,2,TWD,2025,38,False,none
SHP00161,CNSHA,KRPUS,990.2,20ft,27473.4,1,CNY,2025,223,False,none
SHP00162,SGSIN,INNSA,5063.3,40hc,27587.0,2,SGD,2025,339,False,none
SHP00163,KRPUS,INNSA,6811.2,40hc,28967.3,2,KRW,2025,230,False,none
SHP00164,DEHAM,NLRTM,436.8,40ft,26953.5,1,EUR,2025,269,False,none
SHP00165,INNSA,AEJEA,2233.1,40hc,26728.1,1,INR,2025,194,False,none
SHP00166,AEJEA,DEHAM,6818.5,40hc,26565.3,1,AED,2025,243,False,none
SHP00167,GBFXT,NLRTM,289.8,40hc,30049.8,2,GBP,2025,186,False,none
SHP00168,GBFXT,AEJEA,6949.9,40ft,28264.8,2,GBP,2025,60,False,none
SHP00169,KRPUS,MYPKG,5988.9,20ft,26429.1,1,KRW,2025,289,False,none
SHP00170,DEHAM,USLAX,10294.0,40hc,28182.3,1,EUR,2025,328,False,none
SHP00171,KRPUS,SGSIN,5508.0,40ft,26047.7,1,KRW,2025,328,False,none
SHP00172,MYPKG,CNSHA,4903.8,40ft,27659.4,1,MYR,2025,318,False,none
SHP00173,USLAX,DEHAM,10848.5,40ft,28864.4,2,USD,2025,236,False,none
SHP00174,SGSIN,USLAX,16339.7,40ft,26878.6,1,SGD,2025,61,False,none
SHP00175,KRPUS,DEHAM,10204.5,40hc,27172.0,2,KRW,2025,62,False,none
SHP00176,TWKHH,CNSHA,1250.8,40ft,27728.3,2,TWD,2025,351,False,none
SHP00177,GBFXT,CNSHA,11155.9,20ft,18371.3,1,GBP,2025,225,False,none
SHP00178,INNSA,USLAX,15199.3,40ft,30368.7,2,INR,2025,71,False,none
SHP00179,JPYOK,GBR,9202.7,40hc,29113.8,2,JPY,2025,66,True,port_code_is_country_code
SHP00180,SGSIN,AEJEA,7109.1,40hc,27092.4,2,SGD,2025,53,False,none
SHP00181,SGSIN,NLRTM,11927.5,40hc,28233.7,2,SGD,2025,171,False,none
SHP00182,USLAX,NLRTM,12154.3,20ft,22468.0,1,USD,2025,142,False,none
SHP00183,GBFXT,DEHAM,705.4,40hc,29880.5,2,GBP,2025,155,False,none
SHP00184,NLRTM,JPYOK,12726.1,20ft,22742.5,1,EUR,2041,268,True,bad_date
SHP00185,SGSIN,JPYOK,7261.0,20ft,25442.0,1,SGD,2025,228,False,none
SHP00186,AEJEA,INNSA,2102.8,40hc,26902.3,2,AED,2025,107,False,none
SHP00187,INNSA,NLRTM,7655.1,20ft,20848.9,1,INR,2025,338,False,none
SHP00188,NLRTM,TWKHH,11636.8,20ft,20094.3,1,EUR,2025,48,False,none
SHP00189,CNSHA,KRPUS,1005.1,40hc,27450.1,2,CNY,2025,293,False,none
SHP00190,GBFXT,JPYOK,11303.4,20ft,20714.8,1,GBP,2025,217,False,none
SHP00191,SGSIN,CNSHA,5154.7,40ft,28710.5,1,SGD,2025,237,False,none
SHP00192,TWKHH,USLAX,14171.5,40hc,27998.0,2,TWD,2025,306,False,none
SHP00193,NLRTM,AEJEA,5972.5,40hc,30390.4,2,EUR,2025,81,False,none
SHP00194,CNSHA,JPYOK,2082.6,40ft,27379.7,1,CNY,2025,73,False,none
SHP00195,JPYOK,SGSIN,7313.5,20ft,23318.3,1,JPY,2025,243,False,none
SHP00196,DEHAM,SGSIN,20026.3,40ft,38933.6,1,EUR,2025,361,True,combo_subtle
SHP00197,SGSIN,TWKHH,3174.7,40hc,27426.3,1,SGD,2025,198,False,none
SHP00198,AEJEA,KRPUS,8608.0,40ft,28100.9,2,AED,2025,170,False,none
SHP00199,TWKHH,KRPUS,1929.2,40hc,28238.8,1,TWD,2025,102,False,none
SHP00200,PAR,TWKHH,2637.6,40hc,30053.2,2,JPY,2025,138,True,port_code_is_country_code
SHP00201,NLRTM,TWKHH,12326.3,40hc,148761.2,1,EUR,2025,68,True,impossible_weight
SHP00202,MYPKG,AEJEA,7623.1,40hc,30444.5,2,MYR,2025,276,False,none
SHP00203,MYPKG,INNSA,4324.5,40ft,29863.7,2,MYR,2025,122,False,none
SHP00204,USLAX,CNSHA,11858.6,40ft,29811.4,2,USD,2025,123,False,none
SHP00205,MYPKG,TWKHH,3812.9,40hc,26146.9,2,MYR,2025,173,False,none
SHP00206,NLRTM,JPYOK,10920.0,20ft,18023.2,1,EUR,2025,337,False,none
SHP00207,SGSIN,AEJEA,7973.8,40ft,26311.2,1,SGD,2025,204,False,none
SHP00208,TWKHH,USLAX,14407.4,40ft,27140.2,1,TWD,2025,324,False,none
SHP00209,CNSHA,TWKHH,1289.8,20ft,21195.1,1,CNY,2025,68,False,none
SHP00210,MYPKG,CNSHA,4504.3,40hc,28432.5,1,MYR,2025,320,False,none
SHP00211,MYPKG,TWKHH,4119.3,40hc,28876.5,1,MYR,2025,346,False,none
SHP00212,USLAX,DEHAM,17411.9,40hc,40789.5,2,USD,2025,364,True,combo_subtle
SHP00213,DEHAM,JPYOK,12010.2,40hc,27104.8,1,EUR,2025,129,False,none
SHP00214,TWKHH,GBFXT,11999.2,40ft,26283.9,2,TWD,2025,215,False,none
SHP00215,NLRTM,SGSIN,13334.7,40hc,30476.9,2,EUR,2025,61,False,none
SHP00216,GBFXT,TWKHH,10563.2,40ft,28160.2,1,GBP,2025,87,False,none
SHP00217,GBFXT,DEU,11985.9,40hc,27490.7,1,GBP,2025,103,True,port_code_is_country_code
SHP00218,SGSIN,CNSHA,4453.0,40hc,26436.0,1,SGD,2025,202,False,none
SHP00219,SGSIN,INNSA,5280.8,20ft,18848.9,1,SGD,2025,25,False,none
SHP00220,SGSIN,MYPKG,438.5,40ft,27718.5,2,SGD,2025,197,False,none
SHP00221,CNSHA,USLAX,13039.4,40hc,29302.9,1,CNY,2025,325,False,none
SHP00222,JPYOK,AEJEA,9793.4,40hc,28485.7,1,JPY,2025,46,False,none
SHP00223,JPYOK,NLRTM,54138.7,40hc,29487.4,1,JPY,2025,129,True,distance_mismatch
SHP00224,INNSA,TWKHH,5674.6,20ft,22939.8,1,INR,2025,74,False,none
SHP00225,INNSA,CNSHA,6665.9,40ft,27649.0,1,INR,2025,349,False,none
SHP00226,MYPKG,CNSHA,5178.1,40ft,28641.8,1,MYR,2025,84,False,none
SHP00227,NLRTM,JPYOK,12410.3,40hc,27262.6,2,EUR,2025,272,False,none
SHP00228,JPYOK,CNSHA,1890.1,40ft,28820.6,1,JPY,2025,23,False,none
SHP00229,JPYOK,SGSIN,6151.0,20ft,23237.9,1,JPY,2025,65,False,none
SHP00230,SGSIN,JPYOK,18131.6,40hc,27779.2,2,SGD,2025,194,True,distance_mismatch
SHP00231,JPYOK,NLRTM,12862.6,20ft,20390.8,1,JPY,2025,281,False,none
SHP00232,CNSHA,USLAX,12159.6,40ft,30337.3,1,CNY,2025,59,False,none
SHP00233,SGSIN,DEHAM,12329.4,20ft,21491.8,1,SGD,2025,314,False,none
SHP00234,USLAX,TWKHH,14961.1,20ft,19971.3,1,USD,2025,243,False,none
SHP00235,AEJEA,MYPKG,6942.6,20ft,23429.6,1,AED,2025,322,False,none
SHP00236,SGSIN,CNSHA,5132.1,40hc,29231.2,2,SGD,2025,4,False,none
SHP00237,MYPKG,KRPUS,5896.4,20ft,24094.4,1,MYR,2025,155,False,none
SHP00238,DEHAM,TWKHH,11903.5,40ft,28823.5,2,EUR,2025,319,False,none
SHP00239,MYPKG,KRPUS,5720.7,40hc,26685.8,1,MYR,2025,203,False,none
SHP00240,DEHAM,TWKHH,11468.4,40ft,26014.9,1,EUR,2025,205,False,none
SHP00241,MYPKG,TWKHH,3175.4,40ft,26701.6,2,MYR,2025,23,False,none
SHP00242,TWKHH,NLRTM,10848.3,40ft,26785.7,1,TWD,2025,216,False,none
SHP00243,JPYOK,TWKHH,2552.2,40hc,26580.0,2,JPY,2025,163,False,none
SHP00244,USLAX,CNSHA,14479.3,40ft,26870.9,1,USD,2025,169,False,none
SHP00245,DEHAM,SGSIN,14013.9,20ft,23594.4,1,EUR,2025,242,False,none
SHP00246,MYPKG,NLRTM,12298.8,20ft,25118.7,1,MYR,2025,177,False,none
SHP00247,DEHAM,INNSA,8443.0,40ft,30196.9,1,EUR,2025,135,False,none
SHP00248,INNSA,JPYOK,8393.1,40ft,29976.8,2,INR,2025,325,False,none
SHP00249,TWKHH,INNSA,6099.2,20ft,26348.7,1,TWD,2025,12,False,none
SHP00250,SGSIN,NLRTM,11174.8,40ft,26289.7,1,SGD,2025,269,False,none
SHP00251,AEJEA,MYPKG,6903.2,40hc,29153.2,1,AED,2025,47,False,none
SHP00252,CNSHA,USLAX,11605.9,40hc,97771.3,1,CNY,2025,81,True,impossible_weight
SHP00253,TWKHH,MYPKG,3974.8,20ft,26258.3,1,TWD,2025,214,False,none
SHP00254,MYPKG,AEJEA,7591.7,20ft,24133.7,1,MYR,2025,59,False,none
SHP00255,CNSHA,USLAX,11758.4,40hc,26479.2,1,CNY,2025,236,False,none
SHP00256,INNSA,KRPUS,7936.2,40hc,26825.9,2,INR,2025,34,False,none
SHP00257,GBFXT,DEHAM,846.2,40ft,29803.0,1,GBP,2025,176,False,none
SHP00258,INNSA,AEJEA,2431.9,40ft,27323.2,1,INR,2025,325,False,none
SHP00259,TWKHH,JPYOK,2750.7,40hc,28048.5,1,TWD,2025,318,False,none
SHP00260,AEJEA,GBFXT,6394.9,40hc,29969.2,1,AED,2025,89,False,none
SHP00261,AEJEA,GBFXT,7244.1,40hc,28699.5,1,AED,2025,208,False,none
SHP00262,GBFXT,SGSIN,13785.5,20ft,19153.6,1,GBP,2025,79,False,none
SHP00263,AEJEA,MYPKG,7409.0,20ft,22685.7,1,AED,2025,128,False,none
SHP00264,INNSA,KRPUS,7935.0,40ft,27148.1,1,INR,2025,92,False,none
SHP00265,SGSIN,KRPUS,5904.4,20ft,23631.6,1,SGD,2025,268,False,none
SHP00266,KRPUS,SGSIN,5406.1,40hc,27458.5,2,KRW,2025,166,False,none
SHP00267,INNSA,GBFXT,8951.3,20ft,18264.8,1,INR,2025,97,False,none
SHP00268,CNSHA,KRPUS,983.8,20ft,24599.9,1,CNY,2025,78,False,none
SHP00269,MYPKG,SGSIN,390.8,40hc,28995.6,1,MYR,2025,160,False,none
SHP00270,KRPUS,AEJEA,7461.6,20ft,26775.4,1,KRW,2025,14,False,none
SHP00271,NLRTM,TWKHH,11026.5,20ft,23677.9,1,EUR,2025,119,False,none
SHP00272,CNSHA,SGSIN,4933.3,20ft,19939.2,1,CNY,2025,270,False,none
SHP00273,KRPUS,AEJEA,7577.2,40ft,27404.9,2,KRW,2025,9,False,none
SHP00274,SGSIN,AEJEA,6979.7,40hc,28871.6,2,SGD,2025,188,False,none
SHP00275,USLAX,MYPKG,18063.9,20ft,25501.8,1,USD,2025,188,False,none
SHP00276,JPYOK,KRPUS,1195.5,40ft,28338.1,2,JPY,2025,14,False,none
SHP00277,MYPKG,CNSHA,4617.2,40hc,27635.7,1,MYR,2025,324,False,none
SHP00278,AEJEA,GBFXT,6297.1,20ft,27943.8,1,AED,2025,344,False,none
SHP00279,GBFXT,TWKHH,11122.0,20ft,23328.3,1,GBP,2025,5,False,none
SHP00280,SGSIN,MYPKG,411.2,40hc,29238.4,2,SGD,2025,139,False,none
SHP00281,KRPUS,JPYOK,1289.8,20ft,25461.8,1,KRW,2025,242,False,none
SHP00282,DEHAM,JPYOK,10891.6,40ft,26401.1,2,EUR,2025,157,False,none
SHP00283,USLAX,JPYOK,10756.9,20ft,22724.1,1,USD,2025,226,False,none
SHP00284,INNSA,MYPKG,4842.3,20ft,18979.3,1,INR,2025,341,False,none
SHP00285,GBFXT,KRPUS,9734.3,40ft,29018.0,1,GBP,2025,252,False,none
SHP00286,NLRTM,SGSIN,13505.9,40ft,29404.8,2,EUR,2025,113,False,none
SHP00287,USLAX,DEHAM,10388.4,20ft,27315.1,1,USD,2025,335,False,none
SHP00288,AEJEA,CNSHA,8711.6,40hc,28958.2,2,AED,2025,243,False,none
SHP00289,AEJEA,KRPUS,8615.5,40ft,26216.2,1,AED,2025,339,False,none
SHP00290,SGSIN,AEJEA,6862.5,20ft,22516.2,1,SGD,2025,79,False,none
SHP00291,USLAX,INNSA,15489.8,40ft,30324.5,1,USD,2025,134,False,none
SHP00292,DEHAM,SGSIN,14198.1,40hc,27550.1,2,EUR,2025,43,False,none
SHP00293,USLAX,NLRTM,11278.4,20ft,18938.4,1,USD,2025,221,False,none
SHP00294,USLAX,NLRTM,12420.6,40hc,26831.8,1,USD,2025,171,False,none
SHP00295,USLAX,CNSHA,10985.6,40ft,26167.9,1,USD,2025,280,False,none
SHP00296,CNSHA,USLAX,14433.0,20ft,18893.1,1,CNY,2025,312,False,none
SHP00297,CNSHA,INNSA,6752.0,40hc,29168.5,2,CNY,2025,80,False,none
SHP00298,JPYOK,TWKHH,3222.8,40ft,26824.1,2,JPY,2025,255,False,none
SHP00299,TWKHH,INNSA,5627.7,40hc,26041.1,1,TWD,2025,347,False,none
SHP00300,KRPUS,SGSIN,5862.4,20ft,27995.4,1,KRW,2025,158,False,none
SHP00301,INNSA,GBFXT,9987.3,40ft,26302.0,2,INR,2025,156,False,none
SHP00302,AEJEA,TWKHH,45731.4,40ft,27565.9,1,AED,2025,205,True,distance_mismatch
SHP00303,USLAX,SGSIN,95022.2,40hc,29931.9,1,USD,2025,118,True,distance_mismatch
SHP00304,KRPUS,MYPKG,6107.2,20ft,25122.5,1,KRW,2025,181,False,none
SHP00305,INNSA,JPYOK,7123.8,40ft,28773.1,2,INR,2025,313,False,none
SHP00306,DEHAM,CNSHA,10920.8,40hc,29920.7,1,EUR,2025,350,False,none
SHP00307,KRPUS,JPYOK,1056.5,20ft,19845.8,1,KRW,2025,354,False,none
SHP00308,KRPUS,NLRTM,10072.9,20ft,22573.0,1,KRW,2025,10,False,none
SHP00309,AEJEA,KRPUS,8828.8,40hc,26617.8,1,AED,2025,204,False,none
SHP00310,NLRTM,GBFXT,355.0,20ft,25186.3,1,EUR,2025,114,False,none
SHP00311,CNSHA,KRPUS,984.6,20ft,25588.9,1,CNY,2025,160,False,none
SHP00312,NLRTM,CNSHA,10027.9,40ft,28783.6,2,EUR,2025,252,False,none
SHP00313,JPYOK,SGSIN,5589.5,40ft,28085.2,2,JPY,2025,207,False,none
SHP00314,CNSHA,KRPUS,1144.6,40hc,30224.3,2,CNY,2025,122,False,none
SHP00315,SGSIN,NLRTM,12289.8,20ft,20490.7,1,SGD,2025,178,False,none
SHP00316,TWKHH,INNSA,6640.3,40hc,30063.1,2,TWD,2025,325,False,none
SHP00317,DEHAM,MYPKG,10452.6,40ft,28510.0,2,EUR,2025,150,False,none
SHP00318,USA,DEHAM,10384.0,20ft,24916.3,1,USD,2025,223,True,port_code_is_country_code
SHP00319,CNSHA,JPYOK,1878.7,40hc,27153.8,2,CNY,2025,238,False,none
SHP00320,NLRTM,USLAX,9733.9,40ft,29875.8,2,EUR,2025,27,False,none
SHP00321,MYPKG,JPYOK,6461.3,20ft,18463.3,1,MYR,2025,196,False,none
SHP00322,DEHAM,GBFXT,780.9,20ft,18661.1,1,EUR,2025,254,False,none
SHP00323,KRPUS,MYPKG,5200.3,40hc,30013.4,2,KRW,2025,337,False,none
SHP00324,KRPUS,GBFXT,11104.8,20ft,26778.4,1,KRW,2025,111,False,none
SHP00325,NLRTM,AEJEA,6855.3,40hc,28090.1,1,EUR,2025,163,False,none
SHP00326,AEJEA,CNSHA,7857.4,40ft,27266.3,2,AED,2025,152,False,none
SHP00327,NLRTM,JPYOK,11561.4,40hc,28005.7,2,EUR,2025,351,False,none
SHP00328,SGSIN,KRPUS,5039.5,40ft,28917.1,2,SGD,2025,299,False,none
SHP00329,CNSHA,MYPKG,4863.3,40ft,27446.4,2,CNY,2025,183,False,none
SHP00330,KRPUS,INNSA,7370.8,20ft,26785.1,1,KRW,2025,285,False,none
SHP00331,DEHAM,GBFXT,916.3,40ft,28091.0,2,EUR,2025,44,False,none
SHP00332,MYPKG,NLRTM,12101.5,40ft,27867.8,2,MYR,2025,221,False,none
SHP00333,INNSA,GBFXT,9039.4,40ft,28363.3,1,INR,2025,280,False,none
SHP00334,GBFXT,KRPUS,12507.8,40hc,28171.7,1,GBP,2025,144,False,none
SHP00335,SGSIN,KRPUS,6056.9,40ft,28016.2,2,SGD,2025,25,False,none
SHP00336,SGSIN,AEJEA,7740.1,40hc,28369.1,1,SGD,2025,30,False,none
SHP00337,SGSIN,USLAX,18377.7,40ft,26882.6,1,SGD,2025,280,False,none
SHP00338,SGSIN,NLRTM,11767.0,40ft,26657.7,1,SGD,2025,303,False,none
SHP00339,USLAX,JPYOK,11093.9,40hc,28303.6,1,USD,2025,9,False,none
SHP00340,TWKHH,GBFXT,12140.4,20ft,18501.0,1,TWD,2025,328,False,none
SHP00341,JPYOK,INNSA,8047.7,20ft,21259.0,1,JPY,2025,56,False,none
SHP00342,CNSHA,DEU,9681.9,40ft,28284.7,2,CNY,2025,78,True,port_code_is_country_code
SHP00343,MYPKG,GBFXT,14464.0,40hc,29372.3,1,MYR,2025,65,False,none
SHP00344,DEHAM,USLAX,11740.1,40hc,29294.6,1,EUR,2025,275,False,none
SHP00345,KRPUS,NLRTM,11836.6,40ft,26220.3,2,KRW,2025,342,False,none
SHP00346,CNSHA,INNSA,6698.0,20ft,26574.4,1,CNY,2025,314,False,none
SHP00347,SGSIN,TWKHH,3469.4,20ft,20625.9,1,SGD,2025,70,False,none
SHP00348,AEJEA,TWKHH,8996.4,40hc,26306.9,2,AED,2025,198,False,none
SHP00349,DEHAM,GBFXT,915.6,40ft,30178.6,1,EUR,2025,288,False,none
SHP00350,CNSHA,JPYOK,2318.1,40hc,27771.5,2,CNY,2025,43,False,none
SHP00351,MYPKG,GBFXT,14266.1,40hc,30072.8,2,MYR,2025,344,False,none
SHP00352,NLRTM,SGSIN,11858.1,40ft,30246.0,2,EUR,2025,180,False,none
SHP00353,USLAX,KRPUS,11601.6,20ft,24686.2,1,USD,2025,121,False,none
SHP00354,MYPKG,SGSIN,457.2,20ft,27064.2,1,MYR,2025,318,False,none
SHP00355,KRPUS,DEHAM,11943.5,20ft,26946.0,1,KRW,2025,201,False,none
SHP00356,KRPUS,USLAX,10784.1,40ft,29894.2,2,KRW,2025,170,False,none
SHP00357,KRPUS,JPYOK,1258.4,20ft,22066.9,1,KRW,2025,296,False,none
SHP00358,DEHAM,CNSHA,9973.0,40ft,26031.6,2,EUR,2025,105,False,none
SHP00359,DEHAM,CNSHA,9841.9,20ft,27269.4,1,EUR,2025,243,False,none
SHP00360,MYPKG,AEJEA,7045.1,40ft,28591.4,2,MYR,2025,74,False,none
SHP00361,INNSA,JPYOK,8250.5,40hc,27173.5,1,INR,2025,167,False,none
SHP00362,INNSA,USLAX,17424.7,20ft,27172.4,1,INR,2025,253,False,none
SHP00363,USLAX,INNSA,18538.1,40ft,26653.4,2,USD,2025,95,False,none
SHP00364,AEJEA,INNSA,2652.6,40ft,26265.7,1,AED,2025,31,False,none
SHP00365,TWKHH,MYPKG,3358.0,20ft,27325.6,1,TWD,2025,147,False,none
SHP00366,INNSA,MYPKG,4195.9,40ft,29999.7,2,INR,2025,325,False,none
SHP00367,CNSHA,SGSIN,5065.1,20ft,27709.5,1,CNY,2025,134,False,none
SHP00368,CNSHA,INNSA,6704.8,40ft,28628.6,2,CNY,2025,57,False,none
SHP00369,CNSHA,NLRTM,10671.3,40hc,29440.3,1,CNY,2025,8,False,none
SHP00370,KRPUS,TWKHH,1760.3,20ft,22000.8,1,KRW,2025,37,False,none
SHP00371,INNSA,CNSHA,5640.9,20ft,25292.4,1,INR,2025,205,False,none
SHP00372,INNSA,SGSIN,4977.7,20ft,18017.6,1,INR,2025,208,False,none
SHP00373,TWKHH,CNSHA,1148.4,40hc,26666.5,1,TWD,2041,183,True,bad_date
SHP00374,CNSHA,SGSIN,5049.9,40hc,27030.3,2,CNY,2025,275,False,none
SHP00375,GBFXT,MYPKG,13565.9,20ft,21100.3,1,GBP,2025,75,False,none
SHP00376,JPYOK,AEJEA,9067.2,40ft,27395.1,1,JPY,2025,182,False,none
SHP00377,MYPKG,TWKHH,3265.5,20ft,25696.5,1,MYR,2025,314,False,none
SHP00378,CNSHA,AEJEA,8694.5,40ft,27415.4,2,CNY,2025,239,False,none
SHP00379,USLAX,JPYOK,11480.1,40hc,27114.6,2,USD,2025,45,False,none
SHP00380,NLRTM,JPYOK,11462.6,40hc,27853.3,2,EUR,2025,307,False,none
SHP00381,TWKHH,AEJEA,8121.2,40hc,27447.4,1,TWD,2025,201,False,none
SHP00382,AEJEA,USLAX,14986.4,20ft,24481.2,1,AED,2025,362,False,none
SHP00383,NLRTM,USLAX,12173.3,40ft,29368.1,2,EUR,2025,186,False,none
SHP00384,JPYOK,NLRTM,10168.9,40hc,29630.9,1,JPY,2025,272,False,none
SHP00385,CNSHA,USLAX,12254.6,40hc,29679.3,1,CNY,2025,131,False,none
SHP00386,JPYOK,SGSIN,6507.2,40hc,28276.1,1,JPY,2025,92,False,none
SHP00387,SGSIN,DEHAM,12446.5,20ft,21070.9,1,SGD,2025,182,False,none
SHP00388,INNSA,TWKHH,6525.3,40ft,29882.8,2,INR,2025,339,False,none
SHP00389,SGSIN,NLRTM,13179.6,20ft,22542.3,1,SGD,2025,44,False,none
SHP00390,CNSHA,JPYOK,2028.1,40ft,28127.8,1,CNY,2025,301,False,none
SHP00391,DEHAM,USLAX,11109.7,40hc,27768.3,1,EUR,2025,321,False,none
SHP00392,USLAX,GBFXT,10033.3,40hc,29305.9,1,USD,2025,292,False,none
SHP00393,GBFXT,AEJEA,6029.6,40hc,30309.9,1,GBP,2025,271,False,none
SHP00394,TWKHH,JPYOK,2825.8,20ft,24489.7,1,TWD,2025,40,False,none
SHP00395,SGSIN,NLRTM,14049.0,40ft,109425.8,2,SGD,2025,247,True,impossible_weight
SHP00396,AEJEA,MYPKG,7536.3,40ft,26354.2,2,AED,2025,175,False,none
SHP00397,GBFXT,SGSIN,12804.5,20ft,18586.4,1,GBP,2025,328,False,none
SHP00398,GBFXT,DEHAM,878.7,20ft,27773.6,1,GBP,2025,327,False,none
SHP00399,MYPKG,DEHAM,13583.7,40ft,27026.0,1,MYR,2025,105,False,none
SHP00400,TWKHH,DEHAM,11261.4,40hc,30432.2,1,TWD,2025,175,False,none
SHP00401,DEHAM,INNSA,8684.0,40ft,29949.9,2,EUR,2025,177,False,none
SHP00402,DEHAM,JPYOK,12580.1,40hc,27338.6,2,EUR,2025,348,False,none
SHP00403,KRPUS,JPYOK,1244.9,40hc,26482.2,2,KRW,2025,279,False,none
SHP00404,AEJEA,MYPKG,6883.8,40ft,28955.2,1,AED,2025,110,False,none
SHP00405,KRPUS,CNSHA,921.4,40ft,28155.0,2,KRW,2025,188,False,none
SHP00406,AEJEA,USLAX,16286.9,20ft,21593.0,1,AED,2025,291,False,none
SHP00407,AEJEA,INNSA,2242.6,40hc,28099.6,1,AED,2025,107,False,none
SHP00408,CNSHA,INNSA,5565.2,20ft,19039.7,1,CNY,2025,40,False,none
SHP00409,DEHAM,CNSHA,10128.0,40hc,28734.0,2,EUR,2025,91,False,none
SHP00410,TWKHH,GBR,1259.4,40ft,27709.1,2,TWD,2025,364,True,port_code_is_country_code
SHP00411,USLAX,KRPUS,63165.0,40ft,28281.5,2,USD,2025,205,True,distance_mismatch
SHP00412,GBFXT,KRPUS,9914.9,40ft,30368.0,2,GBP,2025,114,False,none
SHP00413,NLRTM,TWKHH,11636.8,20ft,155367.4,1,EUR,2025,284,True,impossible_weight
SHP00414,KRPUS,AEJEA,7963.0,40hc,29096.0,2,KRW,2025,15,False,none
SHP00415,SGSIN,INNSA,4681.7,40ft,29632.5,1,SGD,2025,255,False,none
SHP00416,CNSHA,DEHAM,9440.6,40hc,26641.5,1,CNY,1999,4,True,bad_date
SHP00417,AEJEA,USLAX,83197.4,20ft,18733.5,1,AED,2025,294,True,distance_mismatch
SHP00418,JPYOK,SGSIN,5905.2,40hc,27852.6,2,JPY,2025,111,False,none
SHP00419,INNSA,DEHAM,7946.4,40ft,28620.0,2,INR,2025,35,False,none
SHP00420,MYPKG,CNSHA,16615.7,40ft,28448.7,1,MYR,2025,225,True,distance_mismatch
SHP00421,KRPUS,DEHAM,11318.2,40ft,29890.9,2,KRW,2025,205,False,none
SHP00422,CNSHA,GBFXT,10780.4,40hc,26039.4,2,CNY,2025,335,False,none
SHP00423,JPYOK,DEHAM,9664.5,20ft,27897.4,1,JPY,2025,235,False,none
SHP00424,CNSHA,USLAX,11086.0,40hc,26561.6,1,CNY,2025,176,False,none
SHP00425,INNSA,AEJEA,2279.3,20ft,20873.0,1,INR,2041,2,True,bad_date
SHP00426,JPYOK,AEJEA,9680.4,20ft,23432.4,1,JPY,2025,106,False,none
SHP00427,MYPKG,GBFXT,12031.8,20ft,18145.5,1,MYR,2025,31,False,none
SHP00428,MYPKG,KRPUS,6380.2,20ft,23468.5,1,MYR,2025,266,False,none
SHP00429,INNSA,USLAX,17531.6,20ft,24349.6,1,INR,2025,354,False,none
SHP00430,NLRTM,MYPKG,13480.7,20ft,25359.7,1,EUR,2025,316,False,none
SHP00431,MYPKG,SGSIN,415.7,20ft,20500.9,1,MYR,2025,86,False,none
SHP00432,JPYOK,USLAX,9995.5,20ft,27681.5,1,JPY,2025,345,False,none
SHP00433,DEHAM,USLAX,11525.6,40ft,27764.7,2,EUR,2025,188,False,none
SHP00434,JPN,AEJEA,6660.2,40hc,29772.0,2,EUR,2025,331,True,port_code_is_country_code
SHP00435,NLRTM,CNSHA,11190.4,20ft,20574.7,1,EUR,2025,172,False,none
SHP00436,SGSIN,AEJEA,7672.2,20ft,26989.8,1,SGD,2025,199,False,none
SHP00437,INNSA,NLRTM,9256.4,40ft,29039.3,2,INR,2025,179,False,none
SHP00438,INNSA,AEJEA,2435.0,40ft,28945.1,1,INR,2025,217,False,none
SHP00439,MYPKG,NLRTM,13739.4,20ft,18001.4,1,MYR,2025,231,False,none
SHP00440,SGSIN,KRPUS,5781.2,40ft,29268.4,1,SGD,2025,254,False,none
SHP00441,MYPKG,DEHAM,13600.2,40ft,27643.4,2,MYR,2025,205,False,none
SHP00442,SGSIN,DEHAM,11904.5,40ft,30393.1,1,SGD,2025,306,False,none
SHP00443,KRPUS,SGSIN,5898.3,20ft,24980.3,1,KRW,2025,132,False,none
SHP00444,INNSA,AEJEA,2664.8,20ft,25828.3,1,INR,2025,272,False,none
SHP00445,INNSA,KRPUS,6371.1,40hc,29881.5,1,INR,2025,119,False,none
SHP00446,AEJEA,KRPUS,9140.1,40hc,29815.9,2,AED,1999,252,True,bad_date
SHP00447,USLAX,NLRTM,11091.5,20ft,23244.4,1,USD,2025,219,False,none
SHP00448,AEJEA,CNSHA,7286.3,40hc,28555.4,1,AED,2025,3,False,none
SHP00449,USLAX,MYPKG,18974.0,20ft,18687.4,1,USD,2025,166,False,none
SHP00450,CNSHA,USLAX,13665.0,40ft,28886.7,1,CNY,2025,145,False,none
SHP00451,GBFXT,KRPUS,11802.0,20ft,27480.1,1,GBP,2025,182,False,none
SHP00452,SGSIN,AEJEA,7132.1,40hc,29840.4,2,SGD,2025,4,False,none
SHP00453,SGSIN,AEJEA,8041.7,20ft,23646.5,1,SGD,2025,120,False,none
SHP00454,GBFXT,NLRTM,358.7,40hc,28952.0,2,GBP,2025,262,False,none
SHP00455,KRPUS,MYPKG,5752.5,40hc,30249.0,1,KRW,2025,273,False,none
SHP00456,MYPKG,DEHAM,11630.0,40hc,29067.9,2,MYR,2025,59,False,none
SHP00457,NLRTM,KRPUS,11778.4,40hc,30198.8,1,EUR,2025,133,False,none
SHP00458,GBFXT,JPYOK,11360.5,40hc,29802.4,2,GBP,2025,30,False,none
SHP00459,DEHAM,INNSA,7605.3,40hc,28141.0,2,EUR,2025,141,False,none
SHP00460,GBFXT,MYPKG,14632.1,40hc,28178.7,1,GBP,2025,120,False,none
SHP00461,USLAX,AEJEA,15312.4,40hc,29909.7,1,USD,2025,235,False,none
SHP00462,MYPKG,AEJEA,6202.2,20ft,20596.9,1,MYR,2025,227,False,none
SHP00463,JPYOK,MYPKG,6219.8,20ft,25336.1,1,JPY,2025,27,False,none
SHP00464,GBFXT,AEJEA,5692.9,40hc,30296.2,2,GBP,2025,320,False,none
SHP00465,TWKHH,JPYOK,2721.4,20ft,26894.3,1,TWD,2025,236,False,none
SHP00466,NLRTM,CNSHA,10176.4,20ft,22837.2,1,EUR,2025,305,False,none
SHP00467,JPYOK,GBFXT,12817.3,40hc,30402.8,1,JPY,2025,173,False,none
SHP00468,USLAX,NLRTM,12117.8,40ft,28432.7,2,USD,2025,204,False,none
SHP00469,TWKHH,SGSIN,3163.3,40ft,29282.3,1,TWD,2025,70,False,none
SHP00470,NLRTM,USLAX,12380.6,20ft,22114.5,1,EUR,2025,295,False,none
SHP00471,KRPUS,DEHAM,11283.2,40ft,26942.0,2,KRW,2025,80,False,none
SHP00472,KRPUS,TWKHH,2012.8,40ft,29555.2,2,KRW,2025,152,False,none
SHP00473,SGSIN,INNSA,6704.2,40hc,36530.7,1,SGD,2025,362,True,combo_subtle
SHP00474,INNSA,AEJEA,2419.1,40hc,29326.7,1,INR,2025,283,False,none
SHP00475,KRPUS,GBFXT,12737.1,40ft,27605.2,1,KRW,2025,8,False,none
SHP00476,NLRTM,MYPKG,13969.7,20ft,19475.5,1,EUR,2025,283,False,none
SHP00477,AEJEA,KRPUS,8105.5,40hc,29458.8,1,AED,2025,304,False,none
SHP00478,DEHAM,JPYOK,9706.9,20ft,23887.0,1,EUR,2025,233,False,none
SHP00479,INNSA,AEJEA,2690.3,40hc,28561.4,1,INR,2025,87,False,none
SHP00480,KRPUS,SGSIN,6198.6,20ft,26969.8,1,KRW,2025,173,False,none
SHP00481,JPYOK,CNSHA,2064.8,40hc,28205.7,1,JPY,2025,357,False,none
SHP00482,NLRTM,GBFXT,291.3,40hc,29362.2,1,EUR,2025,361,False,none
SHP00483,MYPKG,DEHAM,11332.2,40hc,26942.5,2,MYR,2025,361,False,none
SHP00484,AEJEA,JPYOK,8966.2,20ft,21289.3,1,AED,2025,324,False,none
SHP00485,DEHAM,TWKHH,10963.6,20ft,26230.1,1,EUR,2025,27,False,none
SHP00486,JPYOK,CNSHA,1943.4,20ft,21577.4,1,JPY,2025,231,False,none
SHP00487,GBFXT,INNSA,9717.8,40ft,29653.7,1,GBP,2025,73,False,none
SHP00488,AEJEA,KRPUS,8838.7,20ft,24732.1,1,AED,2025,189,False,none
SHP00489,JPYOK,GBFXT,10306.5,40ft,30260.6,2,JPY,2025,176,False,none
SHP00490,INNSA,AEJEA,2589.5,40ft,30128.6,2,INR,2025,267,False,none
SHP00491,INNSA,USLAX,15753.9,20ft,26703.5,1,INR,2025,128,False,none
SHP00492,INNSA,TWKHH,5358.6,20ft,19837.3,1,INR,2025,17,False,none
SHP00493,NLRTM,DEHAM,525.8,40ft,29392.0,1,EUR,2025,119,False,none
SHP00494,KRPUS,DEHAM,10153.8,40hc,29347.8,2,KRW,2025,267,False,none
SHP00495,INNSA,KRPUS,6648.1,40ft,26133.0,2,INR,2025,290,False,none
SHP00496,SGSIN,INNSA,5008.1,40ft,29040.5,2,SGD,2025,15,False,none
SHP00497,CNSHA,KRPUS,877.6,40ft,27329.3,2,CNY,2025,333,False,none
SHP00498,JPYOK,SGSIN,6453.5,40hc,26647.0,2,JPY,2025,222,False,none
SHP00499,AEJEA,NLRTM,6462.4,40ft,29928.4,1,AED,2025,261,False,none
SHP00500,CNSHA,INNSA,5485.5,40ft,29268.1,1,CNY,2025,266,False,none
SHP00501,DEHAM,INNSA,7354.6,20ft,21561.1,1,EUR,2025,184,False,none
SHP00502,JPYOK,GBFXT,11525.9,20ft,23755.8,1,JPY,2025,263,False,none
SHP00503,DEHAM,SGSIN,11348.5,40hc,29926.8,2,EUR,2025,21,False,none
SHP00504,GBFXT,TWKHH,51449.8,20ft,27790.3,1,GBP,2025,295,True,distance_mismatch
SHP00505,KRPUS,JPYOK,1286.6,40ft,28925.6,2,KRW,2025,207,False,none
SHP00506,GBFXT,AEJEA,7215.1,40hc,28595.7,1,GBP,2025,174,False,none
SHP00507,USLAX,GBFXT,11827.1,40ft,28306.5,1,USD,2025,297,False,none
SHP00508,MYPKG,NLRTM,11383.4,20ft,26421.6,1,MYR,2025,4,False,none
SHP00509,JPYOK,GBFXT,11897.2,40ft,26487.6,1,JPY,2025,18,False,none
SHP00510,CNSHA,GBFXT,11195.0,40hc,29676.6,2,CNY,2025,341,False,none
SHP00511,GBFXT,CNSHA,9862.0,20ft,19119.8,1,GBP,2025,63,False,none
SHP00512,MYPKG,JPYOK,6740.8,40hc,26856.0,2,MYR,2025,211,False,none
SHP00513,USLAX,CNSHA,12783.0,40ft,26018.4,1,USD,2025,256,False,none
SHP00514,USLAX,GBFXT,10754.6,20ft,24659.0,1,USD,2025,349,False,none
SHP00515,KRPUS,INNSA,6653.3,40ft,26618.2,2,KRW,2025,186,False,none
SHP00516,SGSIN,CNSHA,4765.8,40hc,28630.6,2,SGD,2025,5,False,none
SHP00517,USLAX,CNSHA,12935.7,20ft,26345.6,1,USD,2025,277,False,none
SHP00518,DEHAM,SGP,11042.6,20ft,27825.1,1,EUR,2025,354,True,port_code_is_country_code
SHP00519,AEJEA,NLRTM,6078.9,20ft,27265.4,1,AED,2025,118,False,none
SHP00520,DEHAM,GBFXT,814.0,40ft,30295.1,2,EUR,2025,100,False,none
SHP00521,INNSA,TWKHH,6233.8,40ft,28787.2,1,INR,2025,88,False,none
SHP00522,MYPKG,INNSA,3838.2,40hc,26577.8,2,MYR,2025,72,False,none
SHP00523,CNSHA,KRPUS,901.1,40hc,26928.5,1,CNY,2025,315,False,none
SHP00524,CNSHA,NLRTM,11652.2,40hc,30252.6,2,CNY,2025,33,False,none
SHP00525,SGSIN,INNSA,4728.3,40hc,29088.4,2,SGD,2025,211,False,none
SHP00526,JPYOK,AEJEA,10747.0,40hc,27578.8,2,JPY,2025,349,False,none
SHP00527,SGSIN,AEJEA,7835.8,20ft,23330.0,1,SGD,2025,340,False,none
SHP00528,INNSA,KRPUS,6062.2,40ft,29748.4,2,INR,2025,33,False,none
SHP00529,DEHAM,AEJEA,6700.5,20ft,18794.0,1,EUR,2025,274,False,none
SHP00530,DEHAM,USLAX,11380.3,40hc,27211.1,1,EUR,2025,170,False,none
SHP00531,JPYOK,KRPUS,1297.8,20ft,21172.5,1,JPY,2025,33,False,none
SHP00532,KRPUS,TWKHH,1729.2,20ft,19225.6,1,KRW,2025,255,False,none
SHP00533,KRPUS,GBFXT,12524.6,40hc,27920.0,2,KRW,2025,80,False,none
SHP00534,JPYOK,USLAX,10992.3,20ft,20822.2,1,JPY,2025,334,False,none
SHP00535,USLAX,GBFXT,10092.8,40ft,27363.1,2,USD,2025,265,False,none
SHP00536,KRPUS,CNSHA,1099.0,40ft,26308.9,1,KRW,2025,189,False,none
SHP00537,USLAX,SGSIN,15622.7,40ft,26154.2,1,USD,2025,196,False,none
SHP00538,JPYOK,KRPUS,1196.9,40hc,28334.0,1,JPY,2041,146,True,bad_date
SHP00539,MYPKG,JPYOK,6699.2,40ft,28732.2,2,MYR,2025,121,False,none
SHP00540,NLRTM,AEJEA,6177.6,20ft,26740.8,1,EUR,2025,115,False,none
SHP00541,USLAX,SGSIN,16586.3,40hc,29124.7,2,USD,2025,104,False,none
SHP00542,AEJEA,CNSHA,8432.7,20ft,24133.4,1,AED,2025,31,False,none
SHP00543,TWKHH,NLRTM,12217.1,40ft,28152.3,1,TWD,2025,121,False,none
SHP00544,INNSA,TWKHH,6687.9,40hc,27223.2,2,INR,2025,266,False,none
SHP00545,CNSHA,AEJEA,7287.0,40hc,29145.1,1,CNY,2025,229,False,none
SHP00546,SGSIN,GBFXT,13857.4,20ft,26892.9,1,SGD,2025,86,False,none
SHP00547,GBFXT,USLAX,12059.2,40ft,26211.5,1,GBP,2025,58,False,none
SHP00548,NLRTM,USLAX,11949.0,40ft,30056.0,1,EUR,2025,234,False,none
SHP00549,TWKHH,KRPUS,1852.0,20ft,27785.3,1,TWD,2025,251,False,none
SHP00550,DEHAM,KRPUS,9723.9,40hc,28036.0,2,EUR,2025,100,False,none
SHP00551,MYPKG,JPYOK,7448.2,20ft,25894.6,1,MYR,2025,4,False,none
SHP00552,TWKHH,NLRTM,12415.7,40ft,28412.3,2,TWD,2025,156,False,none
SHP00553,INNSA,NLRTM,8771.3,20ft,19823.0,1,INR,2025,185,False,none
SHP00554,AEJEA,MYPKG,7352.2,40ft,28925.5,2,AED,2025,3,False,none
SHP00555,GBFXT,NLRTM,331.0,40hc,27625.6,2,GBP,2025,73,False,none
SHP00556,DEHAM,JPYOK,10808.9,40ft,26281.6,2,EUR,2025,298,False,none
SHP00557,INNSA,USLAX,18971.6,40hc,27853.9,2,INR,2025,164,False,none
SHP00558,SGSIN,AEJEA,7358.0,20ft,26508.3,1,SGD,2025,49,False,none
SHP00559,GBFXT,JPYOK,10341.7,40ft,27083.7,1,GBP,2025,334,False,none
SHP00560,CNSHA,AEJEA,7921.6,40hc,27630.0,1,CNY,2025,225,False,none
SHP00561,CNSHA,GBFXT,12327.7,40hc,27476.2,2,CNY,2025,304,False,none
SHP00562,NLRTM,AEJEA,6589.7,40hc,26268.5,1,EUR,2025,218,False,none
SHP00563,USLAX,TWKHH,14789.9,20ft,21172.3,1,USD,2025,33,False,none
SHP00564,CNSHA,JPYOK,2117.4,40ft,27209.9,2,CNY,2025,113,False,none
SHP00565,KRPUS,CNSHA,1141.6,40ft,28396.5,2,KRW,2025,195,False,none
SHP00566,INNSA,SGSIN,5122.1,40hc,27843.9,2,INR,2025,227,False,none
SHP00567,SGSIN,CNSHA,4216.1,40ft,26457.7,1,SGD,2025,73,False,none
SHP00568,USLAX,KRPUS,17312.3,40hc,35282.0,1,USD,2025,362,True,combo_subtle
SHP00569,SGSIN,MYPKG,386.4,40hc,28070.3,1,SGD,2025,23,False,none
SHP00570,CNSHA,DEHAM,11649.7,20ft,23557.7,1,CNY,2025,120,False,none
SHP00571,CNSHA,KRPUS,1122.0,20ft,20814.9,1,CNY,2025,75,False,none
SHP00572,JPYOK,TWKHH,2873.0,20ft,21324.2,1,JPY,2025,168,False,none
SHP00573,SGSIN,MYPKG,424.0,20ft,24879.7,1,SGD,2025,165,False,none
SHP00574,CNSHA,SGSIN,5183.3,20ft,23699.9,1,CNY,2025,225,False,none
SHP00575,DEHAM,CNSHA,11865.3,40ft,28599.8,2,EUR,2025,220,False,none
SHP00576,KRPUS,GBFXT,12550.9,40hc,27925.2,2,KRW,2025,192,False,none
SHP00577,USLAX,KRPUS,10292.9,40hc,27562.2,1,USD,2025,163,False,none
SHP00578,TWKHH,NLRTM,10856.7,40hc,29081.6,2,TWD,2025,74,False,none
SHP00579,USLAX,KRPUS,12905.1,40ft,29738.6,2,USD,2025,167,False,none
SHP00580,INNSA,JPYOK,7372.2,40ft,27901.0,2,INR,2025,150,False,none
SHP00581,TWKHH,JPYOK,3028.1,40hc,27272.8,1,TWD,2025,45,False,none
SHP00582,DEHAM,JPYOK,9886.5,40ft,27154.4,2,EUR,2025,35,False,none
SHP00583,INNSA,KRPUS,6047.8,40hc,29379.5,2,INR,2025,59,False,none
SHP00584,MYPKG,CNSHA,4685.0,40ft,26953.3,1,MYR,2025,337,False,none
SHP00585,JPYOK,DEHAM,10233.7,40hc,137880.0,2,JPY,2025,311,True,impossible_weight
SHP00586,MYPKG,KRPUS,5233.4,40hc,29281.3,2,MYR,2025,201,False,none
SHP00587,KRPUS,TWKHH,2256.4,40ft,26608.7,1,KRW,2025,104,False,none
SHP00588,KRPUS,AEJEA,9675.2,20ft,20749.5,1,KRW,2025,262,False,none
SHP00589,GBFXT,CNSHA,11627.8,40ft,26495.4,1,GBP,2025,136,False,none
SHP00590,NLRTM,AEJEA,6355.9,20ft,18619.1,1,EUR,2025,147,False,none
SHP00591,INNSA,MYPKG,4511.9,40hc,29484.8,1,INR,2025,140,False,none
SHP00592,DEHAM,INNSA,8533.2,40ft,26378.4,1,EUR,2025,1,False,none
SHP00593,GBFXT,NLRTM,363.8,20ft,18317.4,1,GBP,2025,123,False,none
SHP00594,SGSIN,DEHAM,10869.3,20ft,26566.9,1,SGD,2025,350,False,none
SHP00595,KRPUS,SGSIN,5531.1,40ft,30124.6,2,KRW,2025,344,False,none
SHP00596,GBFXT,TWKHH,10590.1,20ft,27833.4,1,GBP,2025,351,False,none
SHP00597,SGSIN,USLAX,16593.0,20ft,20383.6,1,SGD,2025,316,False,none
SHP00598,SGSIN,NLRTM,14094.1,20ft,25806.1,1,SGD,2025,79,False,none
SHP00599,USLAX,KRPUS,10894.0,20ft,20248.4,1,USD,2025,195,False,none
SHP00600,MYPKG,AEJEA,6644.0,40ft,26593.2,1,MYR,2025,276,False,none
SHP00601,CNSHA,USLAX,12735.5,40hc,26718.1,1,CNY,2025,110,False,none
SHP00602,INNSA,JPYOK,8150.2,40ft,29488.9,2,INR,2025,311,False,none
SHP00603,SGSIN,TWKHH,4099.3,20ft,20366.1,1,SGD,2025,52,False,none
SHP00604,JPYOK,AEJEA,10301.8,40ft,26568.5,2,JPY,2025,122,False,none
SHP00605,DEHAM,KRPUS,11468.6,40ft,30201.2,1,EUR,2025,326,False,none
SHP00606,DEHAM,KRPUS,10487.5,40hc,28331.5,1,EUR,2025,198,False,none
SHP00607,TWKHH,DEHAM,10533.2,40hc,26161.3,2,TWD,2025,263,False,none
SHP00608,TWKHH,JPYOK,2998.4,20ft,25671.3,1,TWD,2025,30,False,none
SHP00609,KRPUS,USLAX,12206.0,40hc,28994.7,2,KRW,2025,32,False,none
SHP00610,USLAX,GBFXT,10208.7,40ft,28937.7,2,USD,2025,341,False,none
SHP00611,JPYOK,SGSIN,7309.1,20ft,22260.8,1,JPY,2025,49,False,none
SHP00612,AEJEA,SGSIN,7911.2,20ft,25416.4,1,AED,2025,357,False,none
SHP00613,INNSA,KRPUS,8004.2,40ft,29890.3,2,INR,2025,153,False,none
SHP00614,TWKHH,GBFXT,11068.3,40hc,26178.4,1,TWD,2025,165,False,none
SHP00615,AEJEA,JPYOK,8368.5,40ft,29536.9,1,AED,2025,331,False,none
SHP00616,USLAX,TWKHH,12023.4,20ft,21721.3,1,USD,2025,106,False,none
SHP00617,CNSHA,JPYOK,2367.6,20ft,25293.1,1,CNY,2025,284,False,none
SHP00618,TWKHH,JPYOK,2607.8,20ft,23623.2,1,TWD,2025,38,False,none
SHP00619,MYPKG,JPYOK,5819.3,20ft,23867.0,1,MYR,2025,88,False,none
SHP00620,TWKHH,JPYOK,3067.1,40hc,26548.4,1,TWD,2025,148,False,none
SHP00621,AEJEA,INNSA,2619.8,40hc,30150.3,1,AED,2025,364,False,none
SHP00622,MYPKG,USLAX,19857.7,20ft,19256.0,1,MYR,2025,54,False,none
SHP00623,INNSA,SGSIN,4094.0,40ft,27866.3,2,INR,2025,17,False,none
SHP00624,NLRTM,GBFXT,288.0,40ft,26142.4,2,EUR,2025,301,False,none
SHP00625,SGSIN,AEJEA,6632.0,40ft,26880.0,1,SGD,2025,103,False,none
SHP00626,NLRTM,SGSIN,12006.2,20ft,24189.8,1,EUR,2025,207,False,none
SHP00627,AEJEA,USLAX,14222.5,40ft,28393.6,2,AED,2025,59,False,none
SHP00628,TWKHH,USLAX,15045.7,40hc,27054.7,2,TWD,2025,154,False,none
SHP00629,USLAX,KRPUS,11312.4,40hc,26039.9,1,USD,2025,145,False,none
SHP00630,INNSA,CNSHA,6187.7,20ft,22178.8,1,INR,2025,145,False,none
SHP00631,CNSHA,TWKHH,1566.3,40ft,40199.1,2,CNY,2025,363,True,combo_subtle
SHP00632,AEJEA,KRPUS,8203.2,20ft,20058.6,1,AED,2025,261,False,none
SHP00633,USLAX,JPYOK,10841.8,40hc,26897.6,1,USD,2025,93,False,none
SHP00634,SGSIN,KRPUS,5414.5,40hc,27876.5,2,SGD,2025,166,False,none
SHP00635,CNSHA,SGSIN,5164.6,20ft,25345.5,1,CNY,2025,102,False,none
SHP00636,DEHAM,JPYOK,9498.6,20ft,20066.2,1,EUR,2025,5,False,none
SHP00637,JPYOK,NLRTM,10109.1,40ft,29784.3,2,JPY,2025,199,False,none
SHP00638,AEJEA,GBFXT,6496.4,40hc,29690.5,2,AED,2025,4,False,none
SHP00639,MYPKG,SGSIN,360.1,40hc,27686.8,1,MYR,2025,254,False,none
SHP00640,DEHAM,KRPUS,11236.0,40hc,27632.5,1,EUR,2025,248,False,none
SHP00641,MYPKG,AEJEA,6317.4,20ft,24362.5,1,MYR,2025,279,False,none
SHP00642,SGSIN,USLAX,19324.1,40hc,26119.6,2,SGD,2025,183,False,none
SHP00643,TWKHH,JPYOK,2580.8,40ft,27373.6,1,TWD,2025,158,False,none
SHP00644,GBFXT,NLRTM,353.9,40hc,27664.6,2,GBP,2025,271,False,none
SHP00645,INNSA,CNSHA,5882.0,40ft,28759.4,1,INR,2025,22,False,none
SHP00646,MYPKG,TWKHH,3799.2,40ft,28623.6,2,MYR,2025,191,False,none
SHP00647,TWKHH,PAR,10238.7,20ft,19660.4,1,TWD,2025,72,True,port_code_is_country_code
SHP00648,MYPKG,AEJEA,5877.0,20ft,19740.7,1,MYR,2025,139,False,none
SHP00649,AEJEA,GBFXT,7388.2,20ft,22473.1,1,AED,2025,284,False,none
SHP00650,DEHAM,TWKHH,11267.9,40hc,29940.4,1,EUR,2025,107,False,none
SHP00651,AEJEA,DEHAM,5214.3,20ft,20238.4,1,AED,2025,264,False,none
SHP00652,DEHAM,JPYOK,11947.1,40ft,30185.4,1,EUR,2025,261,False,none
SHP00653,KRPUS,DEHAM,10577.4,40ft,29564.6,2,KRW,2025,197,False,none
SHP00654,GBFXT,NLRTM,340.7,40hc,26598.1,1,GBP,2025,330,False,none
SHP00655,CNSHA,KRPUS,895.2,20ft,26451.4,1,CNY,2025,282,False,none
SHP00656,MYPKG,INNSA,4075.1,20ft,24872.0,1,MYR,2025,46,False,none
SHP00657,NLRTM,INNSA,7957.9,20ft,22732.4,1,EUR,2025,110,False,none
SHP00658,GBFXT,USLAX,9613.3,20ft,22214.9,1,GBP,2025,83,False,none
SHP00659,NLRTM,TWKHH,11370.8,40hc,105620.2,2,EUR,2025,179,True,impossible_weight
SHP00660,TWKHH,KRPUS,2198.5,20ft,20247.8,1,TWD,2025,84,False,none
SHP00661,AEJEA,CNSHA,10896.2,20ft,34352.4,1,AED,2025,362,True,combo_subtle
SHP00662,INNSA,DEHAM,9137.0,40ft,28200.8,2,INR,2025,239,False,none
SHP00663,NLRTM,CNSHA,10084.2,20ft,19637.5,1,EUR,2025,14,False,none
SHP00664,INNSA,GBFXT,7950.6,20ft,25842.3,1,INR,2025,86,False,none
SHP00665,TWKHH,KRPUS,2200.2,40ft,26217.8,1,TWD,2025,343,False,none
SHP00666,KRPUS,TWKHH,2253.9,20ft,26151.6,1,KRW,2025,141,False,none
SHP00667,KRPUS,DEHAM,9854.9,40hc,29176.2,1,KRW,1999,119,True,bad_date
SHP00668,INNSA,JPYOK,8466.8,20ft,23347.4,1,INR,2025,116,False,none
SHP00669,INNSA,CNSHA,5605.7,40hc,28610.9,1,INR,2025,106,False,none
SHP00670,JPYOK,USLAX,10551.4,20ft,22891.2,1,JPY,2025,302,False,none
SHP00671,KRPUS,INNSA,9535.4,40ft,40421.5,1,KRW,2025,363,True,combo_subtle
SHP00672,TWKHH,GBFXT,11488.6,20ft,26830.2,1,TWD,2025,64,False,none
SHP00673,AEJEA,TWKHH,8416.1,40hc,28832.6,2,AED,2025,312,False,none
SHP00674,GBFXT,KRPUS,10068.1,20ft,21300.6,1,GBP,2025,174,False,none
SHP00675,MYPKG,USLAX,23654.0,40ft,36781.5,2,MYR,2025,360,True,combo_subtle
SHP00676,MYPKG,GBFXT,11032.1,40hc,30392.1,2,MYR,2025,313,False,none
SHP00677,DEHAM,INNSA,8336.4,40ft,27613.2,1,EUR,2025,316,False,none
SHP00678,NLRTM,INNSA,9422.6,20ft,27335.6,1,EUR,1999,266,True,bad_date
SHP00679,MYPKG,DEHAM,19660.1,40hc,39983.8,2,MYR,2025,362,True,combo_subtle
SHP00680,MYPKG,TWKHH,4147.1,40hc,30418.6,1,MYR,2025,213,False,none
SHP00681,SGSIN,MYPKG,388.7,40ft,28815.5,1,SGD,2025,43,False,none
SHP00682,DEHAM,MYPKG,12706.7,20ft,27074.0,1,EUR,2025,350,False,none
SHP00683,JPYOK,MYPKG,6468.2,40hc,28977.5,1,JPY,2025,63,False,none
SHP00684,INNSA,USLAX,19133.3,40hc,29270.5,2,INR,2025,259,False,none
SHP00685,AEJEA,CNSHA,7051.0,40hc,182545.8,1,AED,2025,68,True,impossible_weight
SHP00686,MYPKG,DEHAM,12311.4,40hc,27939.4,1,MYR,2025,136,False,none
SHP00687,INNSA,CNSHA,6563.9,40hc,27491.9,2,INR,2025,78,False,none
SHP00688,GBFXT,TWKHH,12925.5,40hc,28987.7,2,GBP,2025,142,False,none
SHP00689,GBFXT,KRPUS,12629.7,40hc,30054.8,1,GBP,2025,45,False,none
SHP00690,DEHAM,INNSA,8298.8,40hc,29952.7,2,EUR,2025,156,False,none
SHP00691,NLRTM,CNSHA,12336.3,40ft,27945.3,2,EUR,2025,172,False,none
SHP00692,GBFXT,DEHAM,838.4,40ft,27152.3,1,GBP,2025,2,False,none
SHP00693,CNSHA,GBFXT,11569.5,40ft,28752.5,1,CNY,2025,126,False,none
SHP00694,KRPUS,GBFXT,11966.0,40hc,28676.0,1,KRW,2025,258,False,none
SHP00695,INNSA,KRPUS,8055.1,20ft,25525.8,1,INR,2025,118,False,none
SHP00696,USLAX,TWKHH,13554.7,40ft,29805.2,2,USD,2025,314,False,none
SHP00697,AEJEA,DEHAM,6682.9,20ft,19665.8,1,AED,2025,268,False,none
SHP00698,USLAX,INNSA,16803.6,20ft,21467.1,1,USD,2025,196,False,none
SHP00699,USLAX,NLRTM,12311.7,40hc,30417.5,1,USD,2025,165,False,none
SHP00700,CNSHA,SGSIN,4459.2,40ft,26914.9,2,CNY,2025,237,False,none
SHP00701,NLRTM,DEHAM,493.6,40hc,28198.0,1,EUR,2025,249,False,none
SHP00702,USLAX,CNSHA,12951.0,20ft,23614.8,1,USD,2025,151,False,none
SHP00703,USLAX,SGSIN,19205.8,40hc,30395.5,2,USD,2041,84,True,bad_date
SHP00704,KRPUS,GBFXT,10417.5,40ft,27255.4,2,KRW,2025,117,False,none
SHP00705,AEJEA,SGSIN,6481.5,40hc,26941.8,2,AED,2025,179,False,none
SHP00706,INNSA,USLAX,18439.9,20ft,23903.4,1,INR,2025,89,False,none
SHP00707,INNSA,CNSHA,5350.3,40ft,27438.2,1,INR,2025,152,False,none
SHP00708,GBFXT,SGSIN,13453.3,40ft,29928.1,1,GBP,2025,72,False,none
SHP00709,INNSA,MYPKG,4908.5,40hc,26099.3,1,INR,2025,359,False,none
SHP00710,KRPUS,INNSA,7765.7,40ft,27715.2,1,KRW,2025,167,False,none
SHP00711,CNSHA,MYPKG,4330.0,20ft,20896.9,1,CNY,2025,346,False,none
SHP00712,SGSIN,NLRTM,12726.4,20ft,27706.0,1,SGD,2025,310,False,none
SHP00713,TWKHH,SGSIN,3405.5,20ft,18432.8,1,TWD,2025,110,False,none
SHP00714,AEJEA,SGSIN,6701.1,40hc,29873.4,2,AED,2025,40,False,none
SHP00715,AEJEA,JPYOK,59919.1,40ft,28675.4,1,AED,2025,358,True,distance_mismatch
SHP00716,JPYOK,NLRTM,10290.5,20ft,20061.7,1,JPY,2025,295,False,none
SHP00717,SGSIN,NLRTM,77274.1,40ft,26641.1,1,SGD,2025,199,True,distance_mismatch
SHP00718,NLRTM,USLAX,10419.2,40hc,30320.5,1,EUR,2025,134,False,none
SHP00719,JPYOK,GBFXT,10745.4,20ft,25665.3,1,JPY,2025,338,False,none
SHP00720,AEJEA,JPYOK,8846.3,40hc,27662.4,1,AED,1999,290,True,bad_date
SHP00721,INNSA,USLAX,16871.2,40ft,26599.1,2,INR,2025,294,False,none
SHP00722,JPYOK,AEJEA,9708.3,20ft,20534.2,1,JPY,2025,70,False,none
SHP00723,AEJEA,KRPUS,9405.7,40ft,30327.1,2,AED,2025,115,False,none
SHP00724,AEJEA,SGSIN,6580.3,40hc,27098.5,2,AED,2025,212,False,none
SHP00725,INNSA,MYPKG,3858.8,20ft,19995.7,1,INR,2025,126,False,none
SHP00726,NLRTM,TWKHH,13212.5,20ft,22672.1,1,EUR,2025,48,False,none
SHP00727,AEJEA,DEHAM,6790.2,40ft,29378.2,1,AED,2025,17,False,none
SHP00728,MYPKG,CNSHA,4624.3,20ft,19141.7,1,MYR,2025,212,False,none
SHP00729,USLAX,TWKHH,14442.1,20ft,26545.2,1,USD,1999,326,True,bad_date
SHP00730,CNSHA,MYPKG,4277.1,20ft,20349.8,1,CNY,2025,108,False,none
SHP00731,KRPUS,AEJEA,9475.4,40hc,30010.3,2,KRW,2025,290,False,none
SHP00732,JPYOK,DEHAM,9772.9,40ft,27100.9,1,JPY,2025,69,False,none
SHP00733,AEJEA,MYPKG,6654.2,40ft,26685.8,1,AED,2025,152,False,none
SHP00734,USLAX,KRPUS,11930.3,40hc,28866.6,1,USD,2025,311,False,none
SHP00735,AEJEA,JPYOK,10858.9,20ft,22810.4,1,AED,2025,131,False,none
SHP00736,MYPKG,SGSIN,460.3,40ft,29290.6,2,MYR,2025,306,False,none
SHP00737,JPYOK,SGSIN,6368.7,40hc,26678.6,1,JPY,2025,215,False,none
SHP00738,NLRTM,GBFXT,285.8,40hc,30458.5,2,EUR,2025,68,False,none
SHP00739,JPYOK,GBFXT,11752.7,40hc,28620.9,2,JPY,2041,267,True,bad_date
SHP00740,PAR,AEJEA,7929.2,20ft,19520.7,1,CNY,2025,56,True,port_code_is_country_code
SHP00741,DEHAM,TWKHH,12842.6,40ft,27481.3,1,EUR,2025,122,False,none
SHP00742,KRPUS,TWKHH,2222.4,40ft,29933.1,1,KRW,2025,286,False,none
SHP00743,DEHAM,MYPKG,10978.4,40ft,29490.2,2,EUR,2025,140,False,none
SHP00744,DEHAM,USLAX,11095.8,40hc,26604.4,2,EUR,2025,76,False,none
SHP00745,JPYOK,CNSHA,2315.1,40hc,27408.1,2,JPY,2025,239,False,none
SHP00746,AEJEA,JPYOK,9232.9,20ft,26132.3,1,AED,2025,66,False,none
SHP00747,AEJEA,TWKHH,7888.6,20ft,26895.2,1,AED,2025,151,False,none
SHP00748,MYPKG,JPYOK,6630.7,20ft,21565.9,1,MYR,2025,55,False,none
SHP00749,KRPUS,CNSHA,1053.0,40hc,28507.4,2,KRW,2025,143,False,none
SHP00750,DEHAM,GBFXT,880.9,40hc,29697.9,2,EUR,2025,73,False,none
SHP00751,MYPKG,CNSHA,4713.8,40ft,164973.5,2,MYR,2025,181,True,impossible_weight
SHP00752,USLAX,KRPUS,12583.0,40ft,27238.0,1,USD,2025,272,False,none
SHP00753,GBFXT,SGSIN,11782.1,20ft,25608.1,1,GBP,2025,100,False,none
SHP00754,AEJEA,MYPKG,6213.6,40hc,27727.4,2,AED,2025,119,False,none
SHP00755,NLRTM,KRPUS,9929.5,20ft,18969.8,1,EUR,2025,154,False,none
SHP00756,INNSA,SGSIN,5295.3,20ft,24164.0,1,INR,2025,346,False,none
SHP00757,NLRTM,INNSA,8106.5,40hc,29260.3,2,EUR,2025,72,False,none
SHP00758,MYPKG,AEJEA,7366.8,40ft,27233.2,1,MYR,2025,68,False,none
SHP00759,INNSA,DEHAM,8675.1,20ft,23678.9,1,INR,2025,78,False,none
SHP00760,USLAX,KRPUS,12966.0,40hc,30072.5,2,USD,2025,170,False,none
SHP00761,CNSHA,KRPUS,907.4,20ft,26942.1,1,CNY,2025,81,False,none
SHP00762,USLAX,KRPUS,11672.2,40hc,28247.7,2,USD,2025,145,False,none
SHP00763,NLRTM,GBFXT,342.6,40hc,29615.9,1,EUR,2025,203,False,none
SHP00764,KRPUS,AEJEA,7889.0,20ft,19313.9,1,KRW,2025,177,False,none
SHP00765,AEJEA,USLAX,18616.1,40hc,29709.0,2,AED,2025,138,False,none
SHP00766,CNSHA,AEJEA,8472.4,40hc,27903.8,1,CNY,2025,315,False,none
SHP00767,GBFXT,JPYOK,10430.3,40hc,28228.4,1,GBP,2025,359,False,none
SHP00768,MYPKG,SGSIN,435.0,40ft,26762.2,1,MYR,2025,56,False,none
SHP00769,DEHAM,CNSHA,11423.1,40hc,29439.3,2,EUR,2025,26,False,none
SHP00770,USLAX,SGSIN,17951.4,20ft,26964.8,1,USD,2025,34,False,none
SHP00771,AEJEA,SGSIN,7968.4,40hc,29636.9,1,AED,2025,189,False,none
SHP00772,KRPUS,MYPKG,5332.3,20ft,20733.6,1,KRW,2025,116,False,none
SHP00773,JPYOK,INNSA,8756.4,40hc,27480.3,1,JPY,2025,213,False,none
SHP00774,DEHAM,GBFXT,853.8,20ft,22801.9,1,EUR,2025,165,False,none
SHP00775,GBFXT,SGSIN,11910.9,20ft,25194.2,1,GBP,2025,258,False,none
SHP00776,NLRTM,KRPUS,10760.2,40hc,30168.7,2,EUR,2025,232,False,none
SHP00777,CNSHA,NLRTM,11363.7,40hc,29583.0,1,CNY,2025,210,False,none
SHP00778,USLAX,JPYOK,11345.8,40hc,30161.9,2,USD,1999,239,True,bad_date
SHP00779,MYPKG,GBFXT,12398.4,20ft,20768.6,1,MYR,2025,308,False,none
SHP00780,DEHAM,SGSIN,12328.2,40ft,28035.2,2,EUR,2025,30,False,none
SHP00781,NLRTM,KRPUS,10572.8,40hc,28758.5,2,EUR,2025,61,False,none
SHP00782,JPYOK,NLRTM,11694.1,20ft,27201.2,1,JPY,2025,337,False,none
SHP00783,JPYOK,NLRTM,9840.4,20ft,26254.8,1,JPY,2025,32,False,none
SHP00784,CNSHA,NLRTM,11276.3,20ft,19382.8,1,CNY,2041,328,True,bad_date
SHP00785,TWKHH,USLAX,15201.9,40hc,29073.8,2,TWD,2025,310,False,none
SHP00786,SGSIN,GBFXT,14452.5,40hc,26277.4,1,SGD,2025,249,False,none
SHP00787,USLAX,KRPUS,10173.2,20ft,19667.8,1,USD,2025,329,False,none
SHP00788,SGSIN,KRPUS,5271.0,40ft,28854.0,2,SGD,2025,168,False,none
SHP00789,MYPKG,DEHAM,10414.3,40hc,26537.6,2,MYR,2025,322,False,none
SHP00790,INNSA,CNSHA,6816.6,40ft,28766.1,1,INR,2025,341,False,none
SHP00791,JPN,TWKHH,1053.9,20ft,23986.4,1,CNY,2025,354,True,port_code_is_country_code
SHP00792,GBFXT,KRPUS,12553.9,40ft,30328.9,1,GBP,2025,63,False,none
SHP00793,DEHAM,AEJEA,6784.4,40hc,27034.1,2,EUR,2025,81,False,none
SHP00794,JPYOK,AEJEA,10831.3,40ft,30182.4,2,JPY,2025,177,False,none
SHP00795,USLAX,MYPKG,14932.6,40hc,26609.6,1,USD,2025,161,False,none
SHP00796,USLAX,AEJEA,17859.9,40hc,27678.4,2,USD,2025,81,False,none
SHP00797,KRPUS,JPYOK,1057.5,40ft,29715.7,1,KRW,2025,245,False,none
SHP00798,INNSA,JPYOK,8478.7,20ft,18297.0,1,INR,2025,36,False,none
SHP00799,AEJEA,TWKHH,8749.3,20ft,18069.2,1,AED,2025,179,False,none
SHP00800,INNSA,SGSIN,4495.7,40hc,28108.5,2,INR,2025,285,False,none
SHP00801,DEHAM,CNSHA,9221.4,40hc,28398.8,1,EUR,2025,48,False,none
SHP00802,GBFXT,JPYOK,13338.0,40ft,30277.9,2,GBP,2025,95,False,none
SHP00803,CNSHA,USLAX,12830.5,20ft,20401.8,1,CNY,2025,202,False,none
SHP00804,AEJEA,MYPKG,7096.8,20ft,23458.4,1,AED,2025,112,False,none
SHP00805,NLRTM,JPYOK,10946.6,40ft,28343.5,2,EUR,2025,242,False,none
SHP00806,MYPKG,SGSIN,419.4,20ft,20198.9,1,MYR,2025,79,False,none
SHP00807,AEJEA,CNSHA,7959.8,40hc,27992.4,2,AED,2025,54,False,none
SHP00808,JPYOK,CNSHA,2342.6,20ft,22520.3,1,JPY,2025,258,False,none
SHP00809,JPYOK,AEJEA,10307.0,40ft,30121.1,1,JPY,2025,154,False,none
SHP00810,USLAX,MYPKG,15882.3,40hc,26695.2,2,USD,2025,76,False,none
SHP00811,TWKHH,JPYOK,2771.7,20ft,23786.7,1,TWD,2025,228,False,none
SHP00812,GBFXT,NLRTM,334.8,20ft,18555.9,1,GBP,2025,309,False,none
SHP00813,TWKHH,CNSHA,1093.8,40hc,30432.5,1,TWD,2025,110,False,none
SHP00814,KRPUS,TWKHH,10344.9,40ft,27999.2,1,KRW,2025,127,True,distance_mismatch
SHP00815,DEHAM,KRPUS,10706.8,40ft,28013.1,1,EUR,2025,255,False,none
SHP00816,USLAX,GBFXT,10617.6,40hc,26205.6,1,USD,2025,162,False,none
SHP00817,USLAX,SGSIN,19613.3,40hc,29377.2,1,USD,2025,40,False,none
SHP00818,AEJEA,INNSA,2711.9,20ft,23390.7,1,AED,2025,145,False,none
SHP00819,DEHAM,AEJEA,5221.2,40hc,27503.2,2,EUR,2025,120,False,none
SHP00820,DEHAM,NLRTM,508.5,40hc,29939.0,2,EUR,2025,228,False,none
SHP00821,AEJEA,SGSIN,7696.3,40ft,29201.0,1,AED,2025,70,False,none
SHP00822,TWKHH,SGSIN,3324.0,20ft,21891.4,1,TWD,2025,281,False,none
SHP00823,DEHAM,CNSHA,10567.3,20ft,25490.9,1,EUR,2025,190,False,none
SHP00824,MYPKG,SGSIN,379.1,20ft,25574.7,1,MYR,2025,256,False,none
SHP00825,INNSA,NLRTM,8727.5,20ft,26725.8,1,INR,2025,48,False,none
SHP00826,DEHAM,SGSIN,13557.8,40ft,27708.3,1,EUR,2025,360,False,none
SHP00827,CNSHA,GBFXT,10159.8,40hc,27495.2,2,CNY,2025,250,False,none
SHP00828,AEJEA,KRPUS,9575.5,20ft,23662.7,1,AED,2025,355,False,none
SHP00829,MYPKG,KRPUS,6372.6,40ft,29657.9,1,MYR,2025,44,False,none
SHP00830,KRPUS,DEHAM,10114.2,20ft,21106.4,1,KRW,2025,243,False,none
SHP00831,DEHAM,INNSA,7642.0,40hc,29044.4,1,EUR,2025,64,False,none
SHP00832,INNSA,KRPUS,7180.2,40hc,26832.0,2,INR,2025,156,False,none
SHP00833,TWKHH,GBFXT,12628.6,40hc,27718.8,1,TWD,2025,10,False,none
SHP00834,KRPUS,TWKHH,1912.2,20ft,23612.8,1,KRW,2025,28,False,none
SHP00835,CNSHA,USLAX,11501.3,40ft,30423.4,1,CNY,2025,184,False,none
SHP00836,USLAX,MYPKG,18102.1,40ft,28449.2,2,USD,2025,131,False,none
SHP00837,TWKHH,CNSHA,1264.6,40hc,30275.1,2,TWD,2025,106,False,none
SHP00838,TWKHH,USLAX,15630.6,40ft,27802.9,1,TWD,2025,184,False,none
SHP00839,MYPKG,CNSHA,4622.4,40ft,27006.0,1,MYR,2025,171,False,none
SHP00840,JPYOK,CNSHA,2377.5,20ft,19049.7,1,JPY,2025,346,False,none
SHP00841,DEHAM,SGSIN,10884.2,40ft,26129.2,1,EUR,2025,133,False,none
SHP00842,DEHAM,MYPKG,13352.5,20ft,26749.2,1,EUR,2025,233,False,none
SHP00843,USLAX,KRPUS,10940.6,20ft,24727.3,1,USD,2025,356,False,none
SHP00844,KRPUS,JPYOK,1292.7,20ft,26385.8,1,KRW,2025,305,False,none
SHP00845,DEHAM,USLAX,10928.5,40ft,26990.3,1,EUR,2025,55,False,none
SHP00846,NLRTM,TWKHH,10736.4,40hc,30451.5,1,EUR,2025,108,False,none
SHP00847,KRPUS,JPYOK,1287.5,40ft,29657.8,2,KRW,2025,321,False,none
SHP00848,JPYOK,NLRTM,11200.3,20ft,25750.8,1,JPY,2025,133,False,none
SHP00849,NLRTM,CNSHA,11864.4,20ft,26991.7,1,EUR,2025,325,False,none
SHP00850,MYPKG,GBFXT,11993.6,40hc,27198.7,1,MYR,2025,146,False,none
SHP00851,JPYOK,DEHAM,11704.7,40ft,27717.3,2,JPY,2025,191,False,none
SHP00852,SGSIN,KRPUS,5859.9,40hc,26980.3,2,SGD,2025,363,False,none
SHP00853,USLAX,INNSA,16243.6,40hc,27537.2,1,USD,2025,59,False,none
SHP00854,INNSA,TWKHH,6534.2,20ft,22428.8,1,INR,2025,252,False,none
SHP00855,INNSA,TWKHH,6875.3,40hc,27056.6,1,INR,2041,194,True,bad_date
SHP00856,USLAX,INNSA,17252.8,40hc,28346.4,1,USD,2025,223,False,none
SHP00857,SGSIN,USLAX,16109.7,40hc,27194.1,1,SGD,2025,51,False,none
SHP00858,GBFXT,INNSA,7531.2,20ft,24696.1,1,GBP,2025,144,False,none
SHP00859,TWKHH,AEJEA,8821.8,40ft,27622.6,2,TWD,2025,85,False,none
SHP00860,SGSIN,NLRTM,14033.6,40hc,29593.4,1,SGD,2025,336,False,none
SHP00861,NLRTM,INNSA,7284.8,20ft,25455.1,1,EUR,2025,309,False,none
SHP00862,INNSA,AEJEA,2087.1,40ft,30150.2,1,INR,2025,189,False,none
SHP00863,CNSHA,USLAX,14254.0,40ft,29306.5,1,CNY,2025,323,False,none
SHP00864,SGSIN,INNSA,5311.9,40ft,26929.8,2,SGD,2025,219,False,none
SHP00865,NLRTM,TWKHH,12027.8,40ft,30066.5,2,EUR,2025,185,False,none
SHP00866,GBFXT,TWKHH,12394.4,40hc,27289.8,1,GBP,2025,316,False,none
SHP00867,INNSA,DEHAM,7766.3,40hc,26117.3,2,INR,2025,83,False,none
SHP00868,DEHAM,GBFXT,801.4,20ft,23360.7,1,EUR,2025,40,False,none
SHP00869,CNSHA,KRPUS,1090.4,40ft,30241.4,2,CNY,2025,2,False,none
SHP00870,JPYOK,GBFXT,12577.3,20ft,27656.2,1,JPY,2025,93,False,none
SHP00871,DEHAM,CNSHA,10590.1,40hc,29449.1,2,EUR,2025,295,False,none
SHP00872,KRPUS,MYPKG,5209.7,40hc,27548.7,2,KRW,2025,237,False,none
SHP00873,NLRTM,MYPKG,13067.9,40ft,29131.7,1,EUR,2025,289,False,none
SHP00874,NLRTM,TWKHH,11650.9,20ft,21039.5,1,EUR,2025,122,False,none
SHP00875,GBFXT,NLRTM,287.7,40ft,27524.3,1,GBP,2025,58,False,none
SHP00876,GBFXT,MYPKG,14127.7,40ft,29036.9,1,GBP,2025,73,False,none
SHP00877,USLAX,CNSHA,13765.3,20ft,20742.1,1,USD,2025,77,False,none
SHP00878,KRPUS,TWKHH,2126.4,20ft,27424.7,1,KRW,2025,316,False,none
SHP00879,DEHAM,KRPUS,9199.2,20ft,19036.5,1,EUR,2025,85,False,none
SHP00880,KRPUS,JPYOK,1087.3,40hc,27923.4,2,KRW,2025,149,False,none
SHP00881,GBFXT,SGSIN,14644.0,40ft,28508.7,1,GBP,2025,356,False,none
SHP00882,INNSA,GBFXT,8147.9,40hc,28375.7,2,INR,2025,265,False,none
SHP00883,GBFXT,AEJEA,6309.6,20ft,18770.3,1,GBP,2025,216,False,none
SHP00884,JPYOK,CNSHA,1878.7,40ft,26376.0,2,JPY,2025,342,False,none
SHP00885,INNSA,DEHAM,6936.8,40ft,29781.2,1,INR,2025,358,False,none
SHP00886,AEJEA,TWKHH,8291.1,40hc,28696.0,2,AED,2025,359,False,none
SHP00887,DEHAM,NLRTM,494.9,40ft,29755.0,1,EUR,2025,5,False,none
SHP00888,USLAX,AEJEA,14900.0,20ft,22572.0,1,USD,2025,361,False,none
SHP00889,USLAX,KRPUS,12833.8,40ft,29424.0,2,USD,2025,55,False,none
SHP00890,CNSHA,CHN,4096.6,40hc,27338.5,2,CNY,2025,121,True,port_code_is_country_code
SHP00891,AEJEA,GBFXT,6127.5,20ft,25132.0,1,AED,2025,81,False,none
SHP00892,JPYOK,USLAX,11361.5,40ft,26741.7,1,JPY,2025,10,False,none
SHP00893,JPYOK,KRPUS,1112.4,40hc,29159.7,1,JPY,2025,133,False,none
SHP00894,USLAX,KRPUS,10441.6,40ft,29281.4,1,USD,2025,266,False,none
SHP00895,TWKHH,GBFXT,12129.8,40ft,26466.8,2,TWD,2025,163,False,none
SHP00896,TWKHH,USLAX,13399.6,40hc,26593.4,2,TWD,2025,191,False,none
SHP00897,KRPUS,INNSA,7381.7,20ft,27107.3,1,KRW,2025,202,False,none
SHP00898,INNSA,DEHAM,7303.9,20ft,27197.8,1,INR,2025,240,False,none
SHP00899,USLAX,GBFXT,9388.2,20ft,23322.2,1,USD,2025,314,False,none
SHP00900,INNSA,AEJEA,2736.2,40ft,26840.4,2,INR,2025,239,False,none
SHP00901,CNSHA,DEHAM,10592.6,20ft,27577.4,1,CNY,2025,31,False,none
SHP00902,DEHAM,INNSA,7495.1,40hc,29754.3,1,EUR,2025,122,False,none
SHP00903,KRPUS,NLRTM,11913.5,40hc,28256.8,1,KRW,2025,140,False,none
SHP00904,INNSA,CNSHA,5997.2,40ft,29058.7,1,INR,2025,111,False,none
SHP00905,DEHAM,AEJEA,6368.4,20ft,148412.1,1,EUR,2025,266,True,impossible_weight
SHP00906,INNSA,JPYOK,9132.5,40hc,29146.1,1,INR,2025,139,False,none
SHP00907,NLRTM,USLAX,12173.0,20ft,21560.0,1,EUR,2025,86,False,none
SHP00908,INNSA,DEHAM,8810.9,40hc,29124.0,2,INR,2025,187,False,none
SHP00909,JPYOK,DEHAM,12151.2,40ft,29955.1,2,JPY,2025,353,False,none
SHP00910,NLRTM,DEHAM,443.7,20ft,22094.0,1,EUR,2025,6,False,none
SHP00911,INNSA,DEHAM,7126.3,40ft,26242.8,2,INR,2025,147,False,none
SHP00912,NLRTM,CNSHA,11579.7,20ft,18010.3,1,EUR,2025,65,False,none
SHP00913,INNSA,JPYOK,8274.4,20ft,27512.9,1,INR,2025,164,False,none
SHP00914,USLAX,KRPUS,11459.7,40hc,27743.0,2,USD,2025,127,False,none
SHP00915,DEHAM,CNSHA,9249.8,40hc,26914.4,1,EUR,2025,5,False,none
SHP00916,DEHAM,MYPKG,11949.6,40ft,29747.8,2,EUR,2025,361,False,none
SHP00917,TWKHH,AEJEA,8713.8,40hc,29748.7,1,TWD,2025,299,False,none
SHP00918,JPYOK,KRPUS,1036.0,40ft,30282.2,1,JPY,2025,30,False,none
SHP00919,TWKHH,JPYOK,3286.5,40ft,26774.4,2,TWD,2025,182,False,none
SHP00920,USLAX,DEHAM,10468.6,20ft,20419.2,1,USD,2025,282,False,none
SHP00921,AEJEA,SGSIN,8160.7,40ft,28537.0,1,AED,2025,98,False,none
SHP00922,AEJEA,GBFXT,6769.0,20ft,24771.0,1,AED,2025,224,False,none
SHP00923,USLAX,MYPKG,15575.3,20ft,25126.9,1,USD,2025,198,False,none
SHP00924,NLRTM,INNSA,8219.7,20ft,27007.9,1,EUR,2025,17,False,none
SHP00925,CNSHA,NLRTM,11983.7,40hc,27682.7,1,CNY,2025,216,False,none
SHP00926,JPYOK,TWKHH,3092.4,40ft,27814.4,1,JPY,2025,273,False,none
SHP00927,MYPKG,KRPUS,5074.9,40ft,29786.5,1,MYR,2025,363,False,none
SHP00928,USLAX,GBFXT,10547.9,20ft,26845.0,1,USD,2025,125,False,none
SHP00929,JPYOK,USLAX,9378.9,40ft,92075.9,2,JPY,2025,98,True,impossible_weight
SHP00930,INNSA,GBFXT,9562.9,40hc,29198.3,2,INR,2025,269,False,none
SHP00931,CNSHA,TWKHH,1277.3,20ft,26713.9,1,CNY,2025,42,False,none
SHP00932,TWKHH,AEJEA,7213.8,20ft,22029.4,1,TWD,2025,82,False,none
SHP00933,SGSIN,AEJEA,7296.4,40ft,28273.6,1,SGD,2025,249,False,none
SHP00934,AEJEA,INNSA,2459.0,40ft,29982.9,2,AED,2025,188,False,none
SHP00935,GBFXT,SGSIN,18090.1,40ft,35352.9,2,GBP,2025,363,True,combo_subtle
SHP00936,USLAX,SGSIN,15452.0,40hc,30190.7,2,USD,2025,136,False,none
SHP00937,KRPUS,JPYOK,1249.7,40hc,28508.4,2,KRW,2025,307,False,none
SHP00938,GBFXT,INNSA,8796.3,40hc,28466.4,1,GBP,2025,96,False,none
SHP00939,TWKHH,GBFXT,10874.2,40hc,30034.6,2,TWD,2025,275,False,none
SHP00940,CNSHA,GBFXT,11447.6,40hc,26718.1,1,CNY,2025,79,False,none
SHP00941,CNSHA,NLRTM,10867.6,40hc,29505.3,1,CNY,2025,259,False,none
SHP00942,INNSA,JPYOK,7803.2,40hc,30475.4,1,INR,2025,302,False,none
SHP00943,DEHAM,KRPUS,11834.1,40ft,27086.2,2,EUR,2025,13,False,none
SHP00944,JPYOK,CNSHA,2447.5,40ft,26590.4,1,JPY,2025,282,False,none
SHP00945,NLRTM,MYPKG,12346.6,40ft,30104.2,2,EUR,2025,71,False,none
SHP00946,USLAX,DEHAM,12399.2,20ft,20183.9,1,USD,2025,298,False,none
SHP00947,TWKHH,CNSHA,1171.0,40ft,29598.1,1,TWD,2025,106,False,none
SHP00948,SGSIN,JPYOK,6046.1,40hc,29265.5,1,SGD,2025,354,False,none
SHP00949,NLRTM,CNSHA,10455.4,40ft,26001.9,1,EUR,2025,175,False,none
SHP00950,KRPUS,USLAX,10167.0,40ft,29925.0,1,KRW,2025,327,False,none
SHP00951,CNSHA,INNSA,6117.9,20ft,27120.5,1,CNY,2041,105,True,bad_date
SHP00952,SGSIN,TWKHH,4006.8,20ft,18365.9,1,SGD,2025,157,False,none
SHP00953,USLAX,GBFXT,11977.4,40ft,27512.2,1,USD,2025,57,False,none
SHP00954,CNSHA,USLAX,13998.2,40ft,29480.8,1,CNY,2025,306,False,none
SHP00955,INNSA,MYPKG,4631.1,40ft,28691.1,1,INR,2025,105,False,none
SHP00956,DEHAM,AEJEA,5332.4,20ft,23564.5,1,EUR,2025,91,False,none
SHP00957,KRPUS,AEJEA,7888.0,40ft,26497.2,1,KRW,2025,198,False,none
SHP00958,USLAX,AEJEA,15711.4,20ft,22193.5,1,USD,2025,35,False,none
SHP00959,NLRTM,KRPUS,10872.7,40ft,28304.1,1,EUR,2025,250,False,none
SHP00960,USLAX,CNSHA,13646.8,40ft,27908.2,1,USD,2025,84,False,none
SHP00961,NLRTM,KRPUS,9985.0,40hc,29914.9,2,EUR,2025,351,False,none
SHP00962,TWKHH,USLAX,15309.0,40hc,29574.0,1,TWD,2025,233,False,none
SHP00963,SGSIN,NLRTM,14368.9,40hc,26751.9,1,SGD,2025,237,False,none
SHP00964,JPYOK,USLAX,10269.2,40ft,26868.4,1,JPY,2025,350,False,none
SHP00965,USLAX,SGSIN,16814.0,20ft,19006.6,1,USD,2025,182,False,none
SHP00966,CNSHA,JPYOK,2211.9,20ft,18558.6,1,CNY,2025,160,False,none
SHP00967,TWKHH,USLAX,15517.6,40ft,29451.5,1,TWD,2025,119,False,none
SHP00968,KRPUS,DEHAM,11707.8,20ft,18782.6,1,KRW,2025,288,False,none
SHP00969,TWKHH,AEJEA,7915.0,40ft,27417.3,2,TWD,2025,40,False,none
SHP00970,GBFXT,AEJEA,6416.4,40hc,26453.2,2,GBP,2025,144,False,none
SHP00971,SGSIN,MYPKG,361.8,40hc,29981.4,1,SGD,2041,127,True,bad_date
SHP00972,KRPUS,TWKHH,2624.3,20ft,34795.8,1,KRW,2025,361,True,combo_subtle
SHP00973,DEHAM,INNSA,9027.9,20ft,22480.4,1,EUR,2025,123,False,none
SHP00974,USLAX,TWKHH,12816.0,20ft,22686.0,1,USD,2025,274,False,none
SHP00975,AEJEA,KRPUS,8900.5,40hc,28396.5,1,AED,2025,19,False,none
SHP00976,DEHAM,SGSIN,13129.8,20ft,27804.4,1,EUR,2025,67,False,none
SHP00977,JPYOK,USLAX,15689.5,40hc,40066.4,1,JPY,2025,360,True,combo_subtle
SHP00978,JPYOK,MYPKG,6293.9,40hc,27048.9,2,JPY,2025,176,False,none
SHP00979,JPYOK,AEJEA,9224.9,40ft,27274.0,2,JPY,2025,315,False,none
SHP00980,GBFXT,CNSHA,11090.7,40ft,26119.9,1,GBP,2025,60,False,none
SHP00981,AEJEA,USLAX,14985.9,40ft,27930.3,1,AED,2025,81,False,none
SHP00982,NLRTM,DEHAM,507.8,40ft,28047.0,1,EUR,2025,333,False,none
SHP00983,CNSHA,USLAX,13423.1,20ft,25036.5,1,CNY,2025,48,False,none
SHP00984,JPYOK,AEJEA,9668.7,40hc,26042.8,2,JPY,2025,67,False,none
SHP00985,GBFXT,KRPUS,11665.3,40ft,26532.3,2,GBP,2025,217,False,none
SHP00986,USLAX,TWKHH,15228.9,40ft,28121.3,1,USD,2025,167,False,none
SHP00987,MYPKG,NLRTM,11220.0,20ft,26118.8,1,MYR,2025,224,False,none
SHP00988,GBFXT,TWKHH,13556.6,20ft,22579.7,1,GBP,2025,125,False,none
SHP00989,KRPUS,MYPKG,5699.2,40ft,27940.6,2,KRW,2025,286,False,none
SHP00990,MYPKG,USLAX,17467.8,40hc,27536.6,1,MYR,2025,67,False,none
SHP00991,TWKHH,NLRTM,31545.2,40hc,26084.5,1,TWD,2025,268,True,distance_mismatch
SHP00992,NLRTM,CNSHA,11210.9,20ft,18195.2,1,EUR,2025,157,False,none
SHP00993,JPYOK,MYPKG,6294.5,40ft,28050.3,2,JPY,2025,186,False,none
SHP00994,MYPKG,TWKHH,3609.4,40ft,28209.4,2,MYR,2025,362,False,none
SHP00995,USLAX,SGSIN,18046.8,20ft,24371.2,1,USD,2025,193,False,none
SHP00996,KRPUS,GBFXT,10946.0,40ft,110309.7,1,KRW,2025,28,True,impossible_weight
SHP00997,MYPKG,AEJEA,5894.2,40ft,29900.7,2,MYR,2025,331,False,none
SHP00998,MYPKG,SGSIN,353.1,40ft,29113.5,1,MYR,2025,121,False,none
SHP00999,TWKHH,GBFXT,12660.0,40ft,27897.4,1,TWD,2025,327,False,none
SHP01000,TWKHH,INNSA,6575.2,40ft,26119.4,1,TWD,2025,254,False,none
SHP01001,AEJEA,JPYOK,9551.3,40ft,27697.0,2,AED,2025,267,False,none
SHP01002,INNSA,TWKHH,6235.1,20ft,27238.3,1,INR,2025,322,False,none
SHP01003,AEJEA,TWKHH,8264.1,20ft,26236.0,1,AED,2025,307,False,none
SHP01004,AEJEA,JPYOK,10438.7,20ft,24252.0,1,AED,2025,251,False,none
SHP01005,NLRTM,USLAX,10594.4,20ft,18337.0,1,EUR,2025,312,False,none
SHP01006,MYPKG,GBFXT,11887.0,40hc,30115.6,1,MYR,2025,269,False,none
SHP01007,NLRTM,USLAX,10928.3,40hc,28948.8,1,EUR,2025,271,False,none
SHP01008,USLAX,AEJEA,17741.4,20ft,26513.5,1,USD,2025,177,False,none
SHP01009,KRPUS,SGSIN,6276.2,20ft,21845.2,1,KRW,2025,52,False,none
SHP01010,GBFXT,MYPKG,12477.0,40ft,30111.9,1,GBP,2025,64,False,none
SHP01011,TWKHH,SGSIN,3689.5,20ft,20080.9,1,TWD,2025,51,False,none
SHP01012,GBFXT,SGSIN,14680.2,40hc,26266.6,1,GBP,2025,98,False,none
SHP01013,JPYOK,GBFXT,17956.3,20ft,33312.8,1,JPY,2025,364,True,combo_subtle
SHP01014,USLAX,CNSHA,12093.8,40ft,29451.2,2,USD,2025,71,False,none
SHP01015,MYPKG,AEJEA,6573.7,40hc,26858.9,1,MYR,2025,308,False,none
SHP01016,USLAX,SGSIN,17775.4,40ft,27079.3,2,USD,2025,265,False,none
SHP01017,TWKHH,AEJEA,6934.9,20ft,18837.5,1,TWD,2025,263,False,none
SHP01018,NLRTM,USLAX,11998.6,20ft,20756.9,1,EUR,2025,174,False,none
SHP01019,AEJEA,INNSA,2513.3,20ft,23766.1,1,AED,2025,353,False,none
SHP01020,KRPUS,JPYOK,1055.9,20ft,27429.6,1,KRW,2025,341,False,none
SHP01021,DEHAM,NLRTM,487.7,40ft,28898.3,1,EUR,2025,51,False,none
SHP01022,INNSA,KRPUS,6516.5,40hc,28751.3,2,INR,2025,322,False,none
SHP01023,GBFXT,JPYOK,11012.3,40hc,26895.4,1,GBP,2025,190,False,none
SHP01024,GBFXT,CNSHA,10574.1,40ft,28854.7,1,GBP,2025,51,False,none
SHP01025,DEHAM,MYPKG,12205.5,40ft,27440.1,1,EUR,2025,80,False,none
SHP01026,INNSA,TWKHH,6869.8,20ft,23759.5,1,INR,2025,256,False,none
SHP01027,KRPUS,DEHAM,9404.0,40hc,28228.4,2,KRW,2025,217,False,none
SHP01028,AEJEA,KRPUS,9529.4,40ft,26793.5,1,AED,2025,118,False,none
SHP01029,CNSHA,DEHAM,11476.3,40ft,26083.7,2,CNY,2025,34,False,none
SHP01030,TWKHH,USLAX,13513.0,40ft,27481.0,1,TWD,2025,16,False,none
SHP01031,JPYOK,NLRTM,11393.5,20ft,24330.6,1,JPY,2025,94,False,none
SHP01032,JPYOK,CNSHA,2104.3,20ft,24192.1,1,JPY,2025,300,False,none
SHP01033,CNSHA,INNSA,5297.9,20ft,23190.3,1,CNY,2025,190,False,none
SHP01034,USLAX,SGSIN,14969.1,40hc,27604.0,1,USD,2025,13,False,none
SHP01035,NLRTM,USLAX,9718.1,20ft,25680.0,1,EUR,2025,127,False,none
SHP01036,INNSA,SGSIN,5242.8,20ft,26722.3,1,INR,2025,53,False,none
SHP01037,NLRTM,TWKHH,10559.9,40ft,26301.5,1,EUR,2025,364,False,none
SHP01038,DEHAM,AEJEA,5977.2,40hc,26244.0,1,EUR,2025,340,False,none
SHP01039,MYPKG,AEJEA,7372.9,40hc,27836.9,2,MYR,2025,9,False,none
SHP01040,GBFXT,MYPKG,12767.8,40ft,27777.8,1,GBP,2025,346,False,none
SHP01041,MYPKG,AEJEA,6419.7,40hc,26069.5,1,MYR,2025,141,False,none
SHP01042,CNSHA,KRPUS,878.1,40hc,27449.1,2,CNY,2025,347,False,none
SHP01043,JPYOK,USLAX,12211.3,40hc,27068.9,1,JPY,2025,345,False,none
SHP01044,MYPKG,KRPUS,6355.4,40ft,28439.6,1,MYR,2025,238,False,none
SHP01045,SGSIN,DEHAM,14094.2,40ft,28283.7,1,SGD,2025,282,False,none
SHP01046,DEHAM,JPYOK,10284.7,40ft,29258.1,1,EUR,2025,197,False,none
SHP01047,MYPKG,KRPUS,5280.5,40hc,27094.5,1,MYR,2025,27,False,none
SHP01048,CNSHA,INNSA,5924.0,20ft,23324.6,1,CNY,2025,304,False,none
SHP01049,GBFXT,DEHAM,783.5,20ft,23497.9,1,GBP,2025,166,False,none
SHP01050,SGSIN,DEHAM,12209.1,20ft,20427.6,1,SGD,2025,206,False,none
SHP01051,GBFXT,JPYOK,10291.4,40hc,27266.0,2,GBP,2025,110,False,none
SHP01052,SGSIN,AEJEA,7682.5,40hc,145663.8,1,SGD,2025,153,True,impossible_weight
SHP01053,TWKHH,DEHAM,12700.3,40hc,27546.8,1,TWD,2025,355,False,none
SHP01054,MYPKG,KRPUS,6355.2,20ft,20043.5,1,MYR,2025,99,False,none
SHP01055,GBFXT,DEHAM,770.9,20ft,26195.8,1,GBP,2025,91,False,none
SHP01056,NLRTM,USLAX,9989.6,40hc,29901.6,1,EUR,2025,229,False,none
SHP01057,TWKHH,DEHAM,12723.5,20ft,21518.4,1,TWD,2025,185,False,none
SHP01058,CNSHA,GBFXT,11197.8,40hc,27145.8,2,CNY,2025,165,False,none
SHP01059,SGSIN,JPYOK,6350.0,20ft,20161.9,1,SGD,2025,284,False,none
SHP01060,SGSIN,DEHAM,13767.5,40ft,29765.2,2,SGD,2025,31,False,none
SHP01061,DEHAM,INNSA,6912.7,40ft,28924.8,2,EUR,2025,218,False,none
SHP01062,SGSIN,MYPKG,409.8,20ft,18439.3,1,SGD,2025,161,False,none
SHP01063,USLAX,CNSHA,11589.2,20ft,26054.1,1,USD,2025,250,False,none
SHP01064,INNSA,NLRTM,8328.6,40ft,29747.7,1,INR,2025,224,False,none
SHP01065,NLRTM,KRPUS,11405.7,40ft,29770.0,1,EUR,2025,164,False,none
SHP01066,MYPKG,USLAX,19477.2,40hc,27440.1,1,MYR,2041,297,True,bad_date
SHP01067,GBFXT,USLAX,10288.8,40ft,29715.6,1,GBP,2025,311,False,none
SHP01068,CNSHA,KRPUS,1072.7,40hc,30041.7,1,CNY,2025,49,False,none
SHP01069,NLRTM,TWKHH,11770.4,40hc,27568.7,1,EUR,2025,139,False,none
SHP01070,USLAX,NLRTM,11390.8,40hc,29176.5,1,USD,2025,214,False,none
SHP01071,NLRTM,INNSA,8098.0,40ft,28301.4,1,EUR,2025,192,False,none
SHP01072,DEHAM,SGSIN,13850.3,40ft,26790.6,2,EUR,2025,156,False,none
SHP01073,AEJEA,SGSIN,6805.1,20ft,27618.3,1,AED,2025,99,False,none
SHP01074,GBFXT,MYPKG,11684.8,20ft,26503.1,1,GBP,2025,5,False,none
SHP01075,AEJEA,CNSHA,8485.1,40hc,29183.7,2,AED,2025,107,False,none
SHP01076,CNSHA,MYPKG,4409.9,20ft,26846.9,1,CNY,2025,279,False,none
SHP01077,JPYOK,SGSIN,6722.0,40hc,28784.4,2,JPY,2025,347,False,none
SHP01078,MYPKG,USLAX,18932.7,40hc,29520.2,1,MYR,2025,119,False,none
SHP01079,USLAX,TWKHH,15580.0,20ft,18644.4,1,USD,2025,352,False,none
SHP01080,JPYOK,KRPUS,1128.8,20ft,24083.5,1,JPY,2025,110,False,none
SHP01081,MYPKG,CNSHA,4539.6,20ft,20587.0,1,MYR,2025,224,False,none
SHP01082,TWKHH,KRPUS,1855.0,40ft,27916.2,2,TWD,2025,20,False,none
SHP01083,TWKHH,INNSA,5690.4,20ft,20741.1,1,TWD,2025,227,False,none
SHP01084,AEJEA,TWKHH,7821.1,40hc,29513.9,2,AED,2025,99,False,none
SHP01085,SGSIN,MYPKG,412.9,20ft,18146.2,1,SGD,2025,306,False,none
SHP01086,AEJEA,JPYOK,8410.3,40hc,27424.7,2,AED,2025,335,False,none
SHP01087,MYPKG,TWKHH,3726.9,40hc,26531.9,1,MYR,2025,257,False,none
SHP01088,KRPUS,USLAX,10537.3,40ft,29365.0,2,KRW,2025,46,False,none
SHP01089,DEHAM,USLAX,10168.9,20ft,25955.8,1,EUR,2025,133,False,none
SHP01090,USLAX,GBFXT,10785.8,40ft,28419.3,1,USD,2025,145,False,none
SHP01091,SGSIN,NLRTM,12581.5,20ft,22279.5,1,SGD,1999,364,True,bad_date
SHP01092,KRPUS,DEHAM,9677.1,40hc,26243.1,1,KRW,2025,246,False,none
SHP01093,JPYOK,USLAX,9798.9,20ft,23923.0,1,JPY,2025,68,False,none
SHP01094,SGSIN,USLAX,18320.1,40ft,28711.6,1,SGD,2025,131,False,none
SHP01095,USLAX,SGSIN,19104.0,40ft,26318.4,2,USD,2025,291,False,none
SHP01096,SGSIN,SGP,6024.2,40ft,29120.1,2,SGD,2025,358,True,port_code_is_country_code
SHP01097,JPYOK,INNSA,7421.3,20ft,19334.4,1,JPY,2025,364,False,none
SHP01098,JPYOK,KRPUS,1288.2,40ft,28004.9,2,JPY,2025,126,False,none
SHP01099,CNSHA,INNSA,6190.6,20ft,26255.3,1,CNY,2025,256,False,none
SHP01100,MYPKG,USLAX,15352.6,40ft,26347.1,1,MYR,2025,168,False,none
SHP01101,INNSA,SGSIN,5402.0,40hc,26222.7,1,INR,2025,342,False,none
SHP01102,KRPUS,TWKHH,2130.6,20ft,19400.5,1,KRW,2025,124,False,none
SHP01103,NLRTM,AEJEA,5768.3,40hc,30440.5,2,EUR,2025,14,False,none
SHP01104,MYPKG,USLAX,19403.8,40hc,28724.5,1,MYR,2025,121,False,none
SHP01105,SGSIN,DEHAM,12620.6,40hc,29683.0,1,SGD,2025,216,False,none
SHP01106,USLAX,AEJEA,14997.3,20ft,20941.2,1,USD,2025,81,False,none
SHP01107,USLAX,KRPUS,12903.5,40hc,30086.3,2,USD,2025,349,False,none
SHP01108,GBFXT,INNSA,8874.6,40ft,29755.7,2,GBP,2025,31,False,none
SHP01109,NLRTM,SGSIN,12125.2,40hc,28449.2,1,EUR,2025,186,False,none
SHP01110,AEJEA,TWKHH,8085.0,40ft,26394.2,2,AED,2025,286,False,none
SHP01111,GBFXT,USLAX,10547.9,40ft,28277.1,2,GBP,2025,187,False,none
SHP01112,SGSIN,CNSHA,4341.2,20ft,22451.9,1,SGD,2025,152,False,none
SHP01113,GBFXT,MYPKG,11460.2,20ft,18669.0,1,GBP,2025,276,False,none
SHP01114,GBFXT,AEJEA,6365.1,40ft,28171.8,1,GBP,2025,344,False,none
SHP01115,KRPUS,CNSHA,1036.5,40ft,26828.0,1,KRW,2025,19,False,none
SHP01116,INNSA,AEJEA,2089.1,20ft,19002.3,1,INR,2025,268,False,none
SHP01117,INNSA,GBFXT,9412.0,40hc,29018.5,1,INR,2025,60,False,none
SHP01118,SGSIN,CNSHA,20753.8,20ft,25135.6,1,SGD,2025,308,True,distance_mismatch
SHP01119,SGSIN,TWKHH,3690.3,40ft,28150.3,2,SGD,1999,50,True,bad_date
SHP01120,MYPKG,CNSHA,4860.5,20ft,22665.3,1,MYR,2025,40,False,none
SHP01121,MYPKG,NLRTM,13672.8,20ft,20185.3,1,MYR,2025,227,False,none
SHP01122,DEHAM,MYPKG,11907.9,40ft,30354.4,1,EUR,2025,32,False,none
SHP01123,MYPKG,GBFXT,13879.1,40ft,28594.2,1,MYR,2025,18,False,none
SHP01124,SGSIN,TWKHH,3258.9,40ft,27574.4,1,SGD,2025,249,False,none
SHP01125,MYPKG,DEHAM,12072.3,20ft,22235.1,1,MYR,2025,162,False,none
SHP01126,TWKHH,JPYOK,3008.4,40ft,27862.7,2,TWD,2025,85,False,none
SHP01127,USLAX,GBFXT,12296.4,40hc,27013.9,1,USD,2025,348,False,none
SHP01128,CNSHA,KRPUS,1042.9,20ft,19921.7,1,CNY,2025,285,False,none
SHP01129,GBFXT,USLAX,10532.6,20ft,24041.6,1,GBP,2025,27,False,none
SHP01130,USLAX,CNSHA,13737.7,40hc,26137.9,1,USD,2025,85,False,none
SHP01131,AEJEA,TWKHH,8141.4,40hc,28724.2,1,AED,2025,40,False,none
SHP01132,KRPUS,GBFXT,9776.7,40ft,30125.4,1,KRW,2025,234,False,none
SHP01133,USLAX,NLRTM,10302.7,40hc,26861.1,2,USD,2025,65,False,none
SHP01134,AEJEA,MYPKG,6146.4,40hc,28632.6,1,AED,2025,11,False,none
SHP01135,NLRTM,TWKHH,11753.6,40ft,28847.4,1,EUR,2025,236,False,none
SHP01136,CNSHA,SGSIN,4414.3,40ft,26404.9,2,CNY,2025,325,False,none
SHP01137,TWKHH,INNSA,5315.0,40ft,28503.3,2,TWD,2025,200,False,none
SHP01138,USLAX,CNSHA,11138.3,20ft,125901.8,1,USD,2025,205,True,impossible_weight
SHP01139,TWKHH,INNSA,6691.3,40hc,27403.6,1,TWD,2025,179,False,none
SHP01140,SGSIN,AEJEA,6616.7,20ft,24644.3,1,SGD,2025,241,False,none
SHP01141,MYPKG,AEJEA,6347.7,40ft,26946.0,1,MYR,2025,15,False,none
SHP01142,DEHAM,KRPUS,9445.1,20ft,23945.2,1,EUR,2025,282,False,none
SHP01143,DEHAM,NLRTM,567.0,20ft,131924.3,1,EUR,2025,46,True,impossible_weight
SHP01144,GBFXT,USLAX,11341.7,20ft,24210.2,1,GBP,2041,57,True,bad_date
SHP01145,NLRTM,TWKHH,11242.1,20ft,25719.5,1,EUR,2025,123,False,none
SHP01146,USLAX,CNSHA,13067.8,40hc,29475.9,1,USD,2025,348,False,none
SHP01147,JPYOK,DEHAM,29978.8,40ft,28103.4,1,JPY,2025,81,True,distance_mismatch
SHP01148,DEHAM,CNSHA,11910.3,40ft,26104.8,2,EUR,2025,62,False,none
SHP01149,DEU,CNSHA,9115.2,40ft,26554.5,2,EUR,2025,239,True,port_code_is_country_code
SHP01150,INNSA,SGSIN,5442.9,20ft,21391.0,1,INR,2025,204,False,none
SHP01151,NLRTM,TWKHH,11856.1,40ft,30131.1,1,EUR,2025,115,False,none
SHP01152,KRPUS,TWKHH,2222.3,40hc,29427.9,1,KRW,2025,339,False,none
SHP01153,INNSA,DEHAM,7186.2,40hc,26648.1,2,INR,2025,83,False,none
SHP01154,SGSIN,INNSA,4570.5,40ft,29786.4,2,SGD,2025,209,False,none
SHP01155,MYPKG,TWKHH,3482.8,40hc,28775.4,1,MYR,2025,144,False,none
SHP01156,KRPUS,TWKHH,1889.3,40ft,29876.3,2,KRW,2025,142,False,none
SHP01157,INNSA,TWKHH,6497.9,40hc,29234.2,2,INR,2025,344,False,none
SHP01158,AEJEA,CNSHA,7623.8,40hc,30266.5,2,AED,2025,120,False,none
SHP01159,CNSHA,AEJEA,8166.3,40ft,26590.9,2,CNY,2025,81,False,none
SHP01160,NLRTM,KRPUS,17532.6,40hc,37850.1,2,EUR,2025,363,True,combo_subtle
SHP01161,MYPKG,AEJEA,7457.5,40ft,29133.9,1,MYR,2025,293,False,none
SHP01162,TWKHH,JPYOK,3144.7,40ft,27936.9,1,TWD,2025,352,False,none
SHP01163,GBFXT,JPYOK,11291.5,40hc,29617.3,2,GBP,2025,341,False,none
SHP01164,KRPUS,MYPKG,6364.9,20ft,27027.7,1,KRW,2025,139,False,none
SHP01165,MYPKG,KRPUS,4972.1,40hc,26884.0,1,MYR,2025,208,False,none
SHP01166,TWKHH,AEJEA,7813.1,40ft,27730.5,1,TWD,2025,341,False,none
SHP01167,JPYOK,SGSIN,6968.8,40ft,27834.9,1,JPY,2025,276,False,none
SHP01168,AEJEA,MYPKG,7281.5,40hc,28635.7,2,AED,2025,108,False,none
SHP01169,INNSA,SGSIN,5163.4,40ft,26659.7,1,INR,2025,107,False,none
SHP01170,NLRTM,INNSA,9122.4,40ft,27705.1,1,EUR,2025,157,False,none
SHP01171,SGSIN,GBFXT,13541.0,40hc,27917.8,2,SGD,2025,239,False,none
SHP01172,DEHAM,GBFXT,733.5,40hc,28048.4,1,EUR,2025,135,False,none
SHP01173,MYPKG,USLAX,19318.9,40hc,26311.9,2,MYR,2025,121,False,none
SHP01174,TWKHH,AEJEA,7567.8,40ft,26904.5,2,TWD,2025,102,False,none
SHP01175,NLRTM,TWKHH,10210.2,40ft,28543.5,2,EUR,2025,233,False,none
SHP01176,TWKHH,NLRTM,13222.0,40hc,29362.6,1,TWD,2025,225,False,none
SHP01177,TWKHH,DEHAM,9936.9,40ft,27282.3,2,TWD,2025,177,False,none
SHP01178,SGSIN,NLRTM,12450.5,20ft,20824.6,1,SGD,2025,65,False,none
SHP01179,TWKHH,SGSIN,3519.6,40ft,26286.6,2,TWD,2025,339,False,none
SHP01180,CNSHA,MYPKG,4157.2,40hc,30475.0,2,CNY,2025,97,False,none
SHP01181,USLAX,SGSIN,17998.6,40hc,29833.5,1,USD,2025,70,False,none
SHP01182,GBFXT,SGSIN,13892.6,40ft,27126.6,2,GBP,2041,54,True,bad_date
SHP01183,TWKHH,USLAX,12611.1,40hc,30332.3,1,TWD,2025,250,False,none
SHP01184,JPYOK,INNSA,7404.4,20ft,22685.4,1,JPY,2025,47,False,none
SHP01185,USLAX,INNSA,15376.9,40ft,29530.0,1,USD,2025,245,False,none
SHP01186,MYPKG,GBFXT,11314.6,40ft,26044.9,1,MYR,2025,252,False,none
SHP01187,DEHAM,CNSHA,10068.1,40ft,30421.2,2,EUR,2025,157,False,none
SHP01188,KRPUS,CNSHA,1051.3,40ft,30140.4,2,KRW,2025,1,False,none
SHP01189,DEHAM,KRPUS,10709.7,20ft,25935.4,1,EUR,2025,143,False,none
SHP01190,NLRTM,SGSIN,12529.5,40ft,28459.6,1,EUR,2025,42,False,none
SHP01191,JPYOK,INNSA,7720.9,40ft,27392.4,1,JPY,2025,53,False,none
SHP01192,NLRTM,INNSA,8355.9,20ft,21510.6,1,EUR,2025,326,False,none
SHP01193,TWKHH,USLAX,15138.1,40ft,28358.5,2,TWD,2025,316,False,none
SHP01194,NLRTM,JPYOK,9847.1,40hc,27016.9,1,EUR,2025,182,False,none
SHP01195,SGSIN,USLAX,16594.6,40ft,26024.4,1,SGD,2025,271,False,none
SHP01196,INNSA,KRPUS,10891.5,40ft,35113.0,2,INR,2025,360,True,combo_subtle
SHP01197,KRPUS,USLAX,12474.1,20ft,23001.1,1,KRW,2025,136,False,none
SHP01198,GBFXT,INNSA,9966.4,20ft,22479.6,1,GBP,2025,128,False,none
SHP01199,SGSIN,USLAX,19004.0,20ft,18293.6,1,SGD,2025,306,False,none
